video_name,emotion,confidence,audio_path,target_pitch_delta,measured_pitch_delta,pitch_accuracy,target_rate_delta,measured_rate_delta,rate_accuracy,target_volume_delta,measured_volume_delta,volume_accuracy,overall_accuracy,prosody_applied
83664512.mp4,Positive,0.69366455,/Users/ignazioemanuelepicciche/Documents/TESI Magistrale UCBM/Improved_EmoSign_Thesis/results/tts_audio/generated/83664512.mp4_positive.mp3,5.5,7.18,0.694,10.4,-22.51,0.0,3.5,-1.89,0.0,0.231,False
25328.mp4,Positive,0.73794603,/Users/ignazioemanuelepicciche/Documents/TESI Magistrale UCBM/Improved_EmoSign_Thesis/results/tts_audio/generated/25328.mp4_positive.mp3,5.9,6.36,0.922,11.1,-10.01,0.0,3.7,-4.4,0.0,0.307,False
253715.mp4,Positive,0.83605856,/Users/ignazioemanuelepicciche/Documents/TESI Magistrale UCBM/Improved_EmoSign_Thesis/results/tts_audio/generated/253715.mp4_positive.mp3,6.7,3.85,0.574,12.5,-7.87,0.0,4.2,0.64,0.399,0.324,False
255438.mp4,Positive,0.8952973,/Users/ignazioemanuelepicciche/Documents/TESI Magistrale UCBM/Improved_EmoSign_Thesis/results/tts_audio/generated/255438.mp4_positive.mp3,7.2,3.34,0.464,13.4,4.19,0.313,4.5,1.88,0.0,0.259,False
253816.mp4,Positive,0.88081914,/Users/ignazioemanuelepicciche/Documents/TESI Magistrale UCBM/Improved_EmoSign_Thesis/results/tts_audio/generated/253816.mp4_positive.mp3,7.0,3.4,0.485,13.2,-0.92,0.0,4.4,0.24,0.771,0.419,False
253917.mp4,Positive,0.86367255,/Users/ignazioemanuelepicciche/Documents/TESI Magistrale UCBM/Improved_EmoSign_Thesis/results/tts_audio/generated/253917.mp4_positive.mp3,6.9,4.54,0.658,13.0,-17.08,0.0,4.3,-0.27,0.0,0.219,False
254424.mp4,Positive,0.8348422,/Users/ignazioemanuelepicciche/Documents/TESI Magistrale UCBM/Improved_EmoSign_Thesis/results/tts_audio/generated/254424.mp4_positive.mp3,6.7,2.62,0.392,12.5,-25.22,0.0,4.2,-5.48,0.0,0.131,False
254525.mp4,Positive,0.85145533,/Users/ignazioemanuelepicciche/Documents/TESI Magistrale UCBM/Improved_EmoSign_Thesis/results/tts_audio/generated/254525.mp4_positive.mp3,6.8,4.31,0.634,12.8,-39.92,0.0,4.3,-8.73,0.0,0.211,False
254728.mp4,Positive,0.76320016,/Users/ignazioemanuelepicciche/Documents/TESI Magistrale UCBM/Improved_EmoSign_Thesis/results/tts_audio/generated/254728.mp4_positive.mp3,6.1,5.82,0.954,11.4,-4.81,0.0,3.8,0.18,0.747,0.567,False
257368.mp4,Positive,0.76719475,/Users/ignazioemanuelepicciche/Documents/TESI Magistrale UCBM/Improved_EmoSign_Thesis/results/tts_audio/generated/257368.mp4_positive.mp3,6.1,6.09,0.998,11.5,12.28,0.932,3.8,-0.96,0.0,0.643,False
254829.mp4,Positive,0.8399751,/Users/ignazioemanuelepicciche/Documents/TESI Magistrale UCBM/Improved_EmoSign_Thesis/results/tts_audio/generated/254829.mp4_positive.mp3,6.7,2.39,0.357,12.6,-16.22,0.0,4.2,-3.31,0.0,0.119,False
254931.mp4,Positive,0.78368926,/Users/ignazioemanuelepicciche/Documents/TESI Magistrale UCBM/Improved_EmoSign_Thesis/results/tts_audio/generated/254931.mp4_positive.mp3,6.3,2.92,0.464,11.8,12.11,0.974,3.9,4.2,0.0,0.479,False
255033.mp4,Positive,0.8453066,/Users/ignazioemanuelepicciche/Documents/TESI Magistrale UCBM/Improved_EmoSign_Thesis/results/tts_audio/generated/255033.mp4_positive.mp3,6.8,4.6,0.676,12.7,-28.71,0.0,4.2,-8.68,0.0,0.225,False
255844.mp4,Positive,0.784511,/Users/ignazioemanuelepicciche/Documents/TESI Magistrale UCBM/Improved_EmoSign_Thesis/results/tts_audio/generated/255844.mp4_positive.mp3,6.3,5.79,0.919,11.8,5.03,0.426,3.9,-1.8,0.0,0.448,False
255946.mp4,Positive,0.8544107,/Users/ignazioemanuelepicciche/Documents/TESI Magistrale UCBM/Improved_EmoSign_Thesis/results/tts_audio/generated/255946.mp4_positive.mp3,6.8,9.11,0.66,12.8,14.37,0.878,4.3,0.81,0.066,0.535,False
256351.mp4,Positive,0.79565424,/Users/ignazioemanuelepicciche/Documents/TESI Magistrale UCBM/Improved_EmoSign_Thesis/results/tts_audio/generated/256351.mp4_positive.mp3,6.4,1.97,0.308,11.9,-17.9,0.0,4.0,1.59,0.0,0.103,False
256352.mp4,Positive,0.81340307,/Users/ignazioemanuelepicciche/Documents/TESI Magistrale UCBM/Improved_EmoSign_Thesis/results/tts_audio/generated/256352.mp4_positive.mp3,6.5,11.83,0.181,12.2,-20.1,0.0,4.1,-10.84,0.0,0.06,False
257265.mp4,Positive,0.86833525,/Users/ignazioemanuelepicciche/Documents/TESI Magistrale UCBM/Improved_EmoSign_Thesis/results/tts_audio/generated/257265.mp4_positive.mp3,6.9,1.42,0.206,13.0,9.1,0.7,4.3,4.13,0.0,0.302,False
2682847.mp4,Negative,0.5466036,/Users/ignazioemanuelepicciche/Documents/TESI Magistrale UCBM/Improved_EmoSign_Thesis/results/tts_audio/generated/2682847.mp4_negative.mp3,3.3,0.59,0.18,6.6,-50.05,0.0,1.6,-17.07,0.0,0.06,False
2682838.mp4,Negative,0.6731507,/Users/ignazioemanuelepicciche/Documents/TESI Magistrale UCBM/Improved_EmoSign_Thesis/results/tts_audio/generated/2682838.mp4_negative.mp3,4.0,-0.17,0.0,8.1,-30.07,0.0,2.0,-17.04,0.0,0.0,False
26827616.mp4,Negative,0.54526925,/Users/ignazioemanuelepicciche/Documents/TESI Magistrale UCBM/Improved_EmoSign_Thesis/results/tts_audio/generated/26827616.mp4_negative.mp3,3.3,11.37,0.0,6.5,-18.82,0.0,1.6,-4.73,0.0,0.0,False
26827517.mp4,Negative,0.5325449,/Users/ignazioemanuelepicciche/Documents/TESI Magistrale UCBM/Improved_EmoSign_Thesis/results/tts_audio/generated/26827517.mp4_negative.mp3,3.2,0.76,0.237,6.4,-34.54,0.0,1.6,-3.42,0.0,0.079,False
26827419.mp4,Negative,0.7055685,/Users/ignazioemanuelepicciche/Documents/TESI Magistrale UCBM/Improved_EmoSign_Thesis/results/tts_audio/generated/26827419.mp4_negative.mp3,4.2,2.67,0.635,8.5,18.45,0.0,2.1,-0.37,0.0,0.212,False
26827321.mp4,Negative,0.593215,/Users/ignazioemanuelepicciche/Documents/TESI Magistrale UCBM/Improved_EmoSign_Thesis/results/tts_audio/generated/26827321.mp4_negative.mp3,3.6,0.82,0.229,7.1,-49.44,0.0,1.8,-17.02,0.0,0.076,False
36298782.mp4,Negative,0.5735674,/Users/ignazioemanuelepicciche/Documents/TESI Magistrale UCBM/Improved_EmoSign_Thesis/results/tts_audio/generated/36298782.mp4_negative.mp3,3.4,-0.33,0.0,6.9,-30.9,0.0,1.7,-12.65,0.0,0.0,False
36295789.mp4,Positive,0.51252455,/Users/ignazioemanuelepicciche/Documents/TESI Magistrale UCBM/Improved_EmoSign_Thesis/results/tts_audio/generated/36295789.mp4_positive.mp3,4.1,6.56,0.401,7.7,-10.58,0.0,2.6,-11.69,0.0,0.134,False
36294790.mp4,Negative,0.62074995,/Users/ignazioemanuelepicciche/Documents/TESI Magistrale UCBM/Improved_EmoSign_Thesis/results/tts_audio/generated/36294790.mp4_negative.mp3,3.7,-3.27,0.0,7.4,-12.3,0.0,1.9,-11.06,0.0,0.0,False
36292794.mp4,Negative,0.53434724,/Users/ignazioemanuelepicciche/Documents/TESI Magistrale UCBM/Improved_EmoSign_Thesis/results/tts_audio/generated/36292794.mp4_negative.mp3,3.2,4.52,0.587,6.4,-35.22,0.0,1.6,-7.52,0.0,0.196,False
36291796.mp4,Negative,0.71758085,/Users/ignazioemanuelepicciche/Documents/TESI Magistrale UCBM/Improved_EmoSign_Thesis/results/tts_audio/generated/36291796.mp4_negative.mp3,4.3,6.48,0.494,8.6,-40.77,0.0,2.2,-15.62,0.0,0.165,False
36288803.mp4,Negative,0.7682396,/Users/ignazioemanuelepicciche/Documents/TESI Magistrale UCBM/Improved_EmoSign_Thesis/results/tts_audio/generated/36288803.mp4_negative.mp3,4.6,5.12,0.886,9.2,-30.9,0.0,2.3,-14.59,0.0,0.295,False
5596228.mp4,Positive,0.81965816,/Users/ignazioemanuelepicciche/Documents/TESI Magistrale UCBM/Improved_EmoSign_Thesis/results/tts_audio/generated/5596228.mp4_positive.mp3,6.6,5.38,0.816,12.3,-36.62,0.0,4.1,-15.8,0.0,0.272,False
154108.mp4,Positive,0.73214483,/Users/ignazioemanuelepicciche/Documents/TESI Magistrale UCBM/Improved_EmoSign_Thesis/results/tts_audio/generated/154108.mp4_positive.mp3,5.9,5.0,0.847,11.0,-17.35,0.0,3.7,-9.38,0.0,0.282,False
1540612.mp4,Positive,0.76415265,/Users/ignazioemanuelepicciche/Documents/TESI Magistrale UCBM/Improved_EmoSign_Thesis/results/tts_audio/generated/1540612.mp4_positive.mp3,6.1,6.37,0.955,11.5,-7.44,0.0,3.8,-7.86,0.0,0.318,False
1540613.mp4,Positive,0.8115121,/Users/ignazioemanuelepicciche/Documents/TESI Magistrale UCBM/Improved_EmoSign_Thesis/results/tts_audio/generated/1540613.mp4_positive.mp3,6.5,6.64,0.978,12.2,-16.27,0.0,4.1,-8.34,0.0,0.326,False
1540021.mp4,Positive,0.7763749,/Users/ignazioemanuelepicciche/Documents/TESI Magistrale UCBM/Improved_EmoSign_Thesis/results/tts_audio/generated/1540021.mp4_positive.mp3,6.2,7.52,0.787,11.6,-17.6,0.0,3.9,-8.47,0.0,0.262,False
1539625.mp4,Positive,0.7683143,/Users/ignazioemanuelepicciche/Documents/TESI Magistrale UCBM/Improved_EmoSign_Thesis/results/tts_audio/generated/1539625.mp4_positive.mp3,6.1,4.97,0.815,11.5,-9.95,0.0,3.8,-7.62,0.0,0.272,False
17602177.mp4,Positive,0.66224277,/Users/ignazioemanuelepicciche/Documents/TESI Magistrale UCBM/Improved_EmoSign_Thesis/results/tts_audio/generated/17602177.mp4_positive.mp3,5.3,2.65,0.5,9.9,-6.72,0.0,3.3,-2.86,0.0,0.167,False
17598184.mp4,Positive,0.70273656,/Users/ignazioemanuelepicciche/Documents/TESI Magistrale UCBM/Improved_EmoSign_Thesis/results/tts_audio/generated/17598184.mp4_positive.mp3,5.6,-3.05,0.0,10.5,-23.01,0.0,3.5,-6.98,0.0,0.0,False
17597185.mp4,Positive,0.69280547,/Users/ignazioemanuelepicciche/Documents/TESI Magistrale UCBM/Improved_EmoSign_Thesis/results/tts_audio/generated/17597185.mp4_positive.mp3,5.5,3.42,0.622,10.4,-19.39,0.0,3.5,-4.84,0.0,0.207,False
17582212.mp4,Positive,0.74543816,/Users/ignazioemanuelepicciche/Documents/TESI Magistrale UCBM/Improved_EmoSign_Thesis/results/tts_audio/generated/17582212.mp4_positive.mp3,6.0,14.61,0.0,11.2,-33.29,0.0,3.7,-13.94,0.0,0.0,False
17596188.mp4,Positive,0.80441004,/Users/ignazioemanuelepicciche/Documents/TESI Magistrale UCBM/Improved_EmoSign_Thesis/results/tts_audio/generated/17596188.mp4_positive.mp3,6.4,5.5,0.86,12.1,-28.67,0.0,4.0,-11.98,0.0,0.287,False
17593193.mp4,Positive,0.7914035,/Users/ignazioemanuelepicciche/Documents/TESI Magistrale UCBM/Improved_EmoSign_Thesis/results/tts_audio/generated/17593193.mp4_positive.mp3,6.3,-0.2,0.0,11.9,-16.03,0.0,4.0,-4.17,0.0,0.0,False
17590198.mp4,Positive,0.8199838,/Users/ignazioemanuelepicciche/Documents/TESI Magistrale UCBM/Improved_EmoSign_Thesis/results/tts_audio/generated/17590198.mp4_positive.mp3,6.6,7.75,0.825,12.3,-6.27,0.0,4.1,-5.91,0.0,0.275,False
17592194.mp4,Positive,0.7851376,/Users/ignazioemanuelepicciche/Documents/TESI Magistrale UCBM/Improved_EmoSign_Thesis/results/tts_audio/generated/17592194.mp4_positive.mp3,6.3,1.47,0.234,11.8,-25.38,0.0,3.9,-11.07,0.0,0.078,False
17588201.mp4,Positive,0.8315759,/Users/ignazioemanuelepicciche/Documents/TESI Magistrale UCBM/Improved_EmoSign_Thesis/results/tts_audio/generated/17588201.mp4_positive.mp3,6.7,3.92,0.585,12.5,-33.13,0.0,4.2,-4.38,0.0,0.195,False
17586206.mp4,Positive,0.81886804,/Users/ignazioemanuelepicciche/Documents/TESI Magistrale UCBM/Improved_EmoSign_Thesis/results/tts_audio/generated/17586206.mp4_positive.mp3,6.6,-4.86,0.0,12.3,-37.59,0.0,4.1,-12.79,0.0,0.0,False
17584208.mp4,Positive,0.74361825,/Users/ignazioemanuelepicciche/Documents/TESI Magistrale UCBM/Improved_EmoSign_Thesis/results/tts_audio/generated/17584208.mp4_positive.mp3,5.9,3.73,0.632,11.2,-28.29,0.0,3.7,-12.48,0.0,0.211,False
28816.mp4,Positive,0.5529999,/Users/ignazioemanuelepicciche/Documents/TESI Magistrale UCBM/Improved_EmoSign_Thesis/results/tts_audio/generated/28816.mp4_positive.mp3,4.4,4.64,0.945,8.3,-26.3,0.0,2.8,-2.87,0.0,0.315,False
29019.mp4,Positive,0.61368585,/Users/ignazioemanuelepicciche/Documents/TESI Magistrale UCBM/Improved_EmoSign_Thesis/results/tts_audio/generated/29019.mp4_positive.mp3,4.9,6.2,0.735,9.2,-16.53,0.0,3.1,-3.33,0.0,0.245,False
29423.mp4,Positive,0.76930463,/Users/ignazioemanuelepicciche/Documents/TESI Magistrale UCBM/Improved_EmoSign_Thesis/results/tts_audio/generated/29423.mp4_positive.mp3,6.2,11.99,0.065,11.5,-1.16,0.0,3.8,-2.6,0.0,0.022,False
29525.mp4,Positive,0.6275095,/Users/ignazioemanuelepicciche/Documents/TESI Magistrale UCBM/Improved_EmoSign_Thesis/results/tts_audio/generated/29525.mp4_positive.mp3,5.0,2.58,0.515,9.4,-7.4,0.0,3.1,0.53,0.435,0.317,False
29626.mp4,Positive,0.5932539,/Users/ignazioemanuelepicciche/Documents/TESI Magistrale UCBM/Improved_EmoSign_Thesis/results/tts_audio/generated/29626.mp4_positive.mp3,4.7,6.57,0.601,8.9,-7.87,0.0,3.0,-2.5,0.0,0.2,False
29931.mp4,Positive,0.74582696,/Users/ignazioemanuelepicciche/Documents/TESI Magistrale UCBM/Improved_EmoSign_Thesis/results/tts_audio/generated/29931.mp4_positive.mp3,6.0,4.62,0.771,11.2,-22.27,0.0,3.7,-4.34,0.0,0.257,False
30438.mp4,Negative,0.5076671,/Users/ignazioemanuelepicciche/Documents/TESI Magistrale UCBM/Improved_EmoSign_Thesis/results/tts_audio/generated/30438.mp4_negative.mp3,3.0,2.14,0.713,6.1,-37.33,0.0,1.5,-14.71,0.0,0.238,False
84088.mp4,Positive,0.6643689,/Users/ignazioemanuelepicciche/Documents/TESI Magistrale UCBM/Improved_EmoSign_Thesis/results/tts_audio/generated/84088.mp4_positive.mp3,5.3,7.51,0.583,10.0,-19.5,0.0,3.3,-8.67,0.0,0.194,False
841111.mp4,Positive,0.69924724,/Users/ignazioemanuelepicciche/Documents/TESI Magistrale UCBM/Improved_EmoSign_Thesis/results/tts_audio/generated/841111.mp4_positive.mp3,5.6,4.56,0.814,10.5,10.56,0.995,3.5,-4.48,0.0,0.603,False
841314.mp4,Positive,0.7232811,/Users/ignazioemanuelepicciche/Documents/TESI Magistrale UCBM/Improved_EmoSign_Thesis/results/tts_audio/generated/841314.mp4_positive.mp3,5.8,7.78,0.658,10.8,-17.08,0.0,3.6,-7.7,0.0,0.219,False
841618.mp4,Positive,0.7727963,/Users/ignazioemanuelepicciche/Documents/TESI Magistrale UCBM/Improved_EmoSign_Thesis/results/tts_audio/generated/841618.mp4_positive.mp3,6.2,21.12,0.0,11.6,-43.47,0.0,3.9,-12.86,0.0,0.0,False
841720.mp4,Positive,0.8069689,/Users/ignazioemanuelepicciche/Documents/TESI Magistrale UCBM/Improved_EmoSign_Thesis/results/tts_audio/generated/841720.mp4_positive.mp3,6.5,11.29,0.264,12.1,-17.43,0.0,4.0,-6.78,0.0,0.088,False
841821.mp4,Positive,0.69925517,/Users/ignazioemanuelepicciche/Documents/TESI Magistrale UCBM/Improved_EmoSign_Thesis/results/tts_audio/generated/841821.mp4_positive.mp3,5.6,4.82,0.861,10.5,-6.38,0.0,3.5,-6.6,0.0,0.287,False
842226.mp4,Positive,0.86870354,/Users/ignazioemanuelepicciche/Documents/TESI Magistrale UCBM/Improved_EmoSign_Thesis/results/tts_audio/generated/842226.mp4_positive.mp3,6.9,9.17,0.671,13.0,-0.5,0.0,4.3,-3.62,0.0,0.224,False
842327.mp4,Positive,0.80659485,/Users/ignazioemanuelepicciche/Documents/TESI Magistrale UCBM/Improved_EmoSign_Thesis/results/tts_audio/generated/842327.mp4_positive.mp3,6.5,15.13,0.0,12.1,-3.76,0.0,4.0,-6.94,0.0,0.0,False
843443.mp4,Positive,0.68539935,/Users/ignazioemanuelepicciche/Documents/TESI Magistrale UCBM/Improved_EmoSign_Thesis/results/tts_audio/generated/843443.mp4_positive.mp3,5.5,11.89,0.0,10.3,-25.38,0.0,3.4,-10.22,0.0,0.0,False
844052.mp4,Positive,0.6375776,/Users/ignazioemanuelepicciche/Documents/TESI Magistrale UCBM/Improved_EmoSign_Thesis/results/tts_audio/generated/844052.mp4_positive.mp3,5.1,4.79,0.939,9.6,-5.54,0.0,3.2,-1.23,0.0,0.313,False
844153.mp4,Positive,0.6360829,/Users/ignazioemanuelepicciche/Documents/TESI Magistrale UCBM/Improved_EmoSign_Thesis/results/tts_audio/generated/844153.mp4_positive.mp3,5.1,6.43,0.739,9.5,-3.59,0.0,3.2,-0.58,0.0,0.246,False
844255.mp4,Positive,0.7188114,/Users/ignazioemanuelepicciche/Documents/TESI Magistrale UCBM/Improved_EmoSign_Thesis/results/tts_audio/generated/844255.mp4_positive.mp3,5.8,7.74,0.665,10.8,-18.71,0.0,3.6,-2.69,0.0,0.222,False
844356.mp4,Positive,0.62993616,/Users/ignazioemanuelepicciche/Documents/TESI Magistrale UCBM/Improved_EmoSign_Thesis/results/tts_audio/generated/844356.mp4_positive.mp3,5.0,2.68,0.536,9.4,-14.1,0.0,3.1,2.04,0.0,0.179,False
844457.mp4,Positive,0.7346859,/Users/ignazioemanuelepicciche/Documents/TESI Magistrale UCBM/Improved_EmoSign_Thesis/results/tts_audio/generated/844457.mp4_positive.mp3,5.9,4.85,0.822,11.0,-3.33,0.0,3.7,1.32,0.0,0.274,False
844458.mp4,Positive,0.77189606,/Users/ignazioemanuelepicciche/Documents/TESI Magistrale UCBM/Improved_EmoSign_Thesis/results/tts_audio/generated/844458.mp4_positive.mp3,6.2,4.47,0.721,11.6,-9.42,0.0,3.9,1.48,0.0,0.24,False
844762.mp4,Positive,0.64178634,/Users/ignazioemanuelepicciche/Documents/TESI Magistrale UCBM/Improved_EmoSign_Thesis/results/tts_audio/generated/844762.mp4_positive.mp3,5.1,1.98,0.388,9.6,-18.25,0.0,3.2,-2.97,0.0,0.129,False
844864.mp4,Positive,0.7231699,/Users/ignazioemanuelepicciche/Documents/TESI Magistrale UCBM/Improved_EmoSign_Thesis/results/tts_audio/generated/844864.mp4_positive.mp3,5.8,-1.42,0.0,10.8,1.89,0.175,3.6,1.82,0.0,0.058,False
845270.mp4,Positive,0.7210438,/Users/ignazioemanuelepicciche/Documents/TESI Magistrale UCBM/Improved_EmoSign_Thesis/results/tts_audio/generated/845270.mp4_positive.mp3,5.8,8.06,0.61,10.8,-14.76,0.0,3.6,-8.11,0.0,0.203,False
845472.mp4,Positive,0.73541516,/Users/ignazioemanuelepicciche/Documents/TESI Magistrale UCBM/Improved_EmoSign_Thesis/results/tts_audio/generated/845472.mp4_positive.mp3,5.9,6.26,0.939,11.0,-6.65,0.0,3.7,-2.97,0.0,0.313,False
845473.mp4,Positive,0.68203926,/Users/ignazioemanuelepicciche/Documents/TESI Magistrale UCBM/Improved_EmoSign_Thesis/results/tts_audio/generated/845473.mp4_positive.mp3,5.5,3.56,0.648,10.2,-17.57,0.0,3.4,-0.81,0.0,0.216,False
845574.mp4,Positive,0.7014345,/Users/ignazioemanuelepicciche/Documents/TESI Magistrale UCBM/Improved_EmoSign_Thesis/results/tts_audio/generated/845574.mp4_positive.mp3,5.6,9.28,0.342,10.5,-18.25,0.0,3.5,-4.73,0.0,0.114,False
845675.mp4,Positive,0.7586792,/Users/ignazioemanuelepicciche/Documents/TESI Magistrale UCBM/Improved_EmoSign_Thesis/results/tts_audio/generated/845675.mp4_positive.mp3,6.1,3.74,0.613,11.4,13.07,0.854,3.8,4.75,0.0,0.489,False
845676.mp4,Positive,0.67092377,/Users/ignazioemanuelepicciche/Documents/TESI Magistrale UCBM/Improved_EmoSign_Thesis/results/tts_audio/generated/845676.mp4_positive.mp3,5.4,8.01,0.517,10.1,-13.73,0.0,3.4,-0.72,0.0,0.172,False
845878.mp4,Positive,0.6596651,/Users/ignazioemanuelepicciche/Documents/TESI Magistrale UCBM/Improved_EmoSign_Thesis/results/tts_audio/generated/845878.mp4_positive.mp3,5.3,7.26,0.63,9.9,-0.7,0.0,3.3,-0.54,0.0,0.21,False
557229.mp4,Positive,0.8511219,/Users/ignazioemanuelepicciche/Documents/TESI Magistrale UCBM/Improved_EmoSign_Thesis/results/tts_audio/generated/557229.mp4_positive.mp3,6.8,7.71,0.866,12.8,-17.9,0.0,4.3,-9.04,0.0,0.289,False
5572412.mp4,Positive,0.5704169,/Users/ignazioemanuelepicciche/Documents/TESI Magistrale UCBM/Improved_EmoSign_Thesis/results/tts_audio/generated/5572412.mp4_positive.mp3,4.6,-1.63,0.0,8.6,2.23,0.259,2.9,-4.69,0.0,0.086,False
5572413.mp4,Positive,0.6450498,/Users/ignazioemanuelepicciche/Documents/TESI Magistrale UCBM/Improved_EmoSign_Thesis/results/tts_audio/generated/5572413.mp4_positive.mp3,5.2,-0.4,0.0,9.7,-11.02,0.0,3.2,0.81,0.0,0.0,False
5572615.mp4,Positive,0.60121584,/Users/ignazioemanuelepicciche/Documents/TESI Magistrale UCBM/Improved_EmoSign_Thesis/results/tts_audio/generated/5572615.mp4_positive.mp3,4.8,3.41,0.709,9.0,19.02,0.0,3.0,0.35,0.775,0.495,False
5572716.mp4,Positive,0.7582929,/Users/ignazioemanuelepicciche/Documents/TESI Magistrale UCBM/Improved_EmoSign_Thesis/results/tts_audio/generated/5572716.mp4_positive.mp3,6.1,0.88,0.145,11.4,-0.5,0.0,3.8,-1.7,0.0,0.048,False
5572717.mp4,Positive,0.62565356,/Users/ignazioemanuelepicciche/Documents/TESI Magistrale UCBM/Improved_EmoSign_Thesis/results/tts_audio/generated/5572717.mp4_positive.mp3,5.0,5.32,0.935,9.4,3.13,0.333,3.1,1.25,0.0,0.423,False
7343510.mp4,Positive,0.53677696,/Users/ignazioemanuelepicciche/Documents/TESI Magistrale UCBM/Improved_EmoSign_Thesis/results/tts_audio/generated/7343510.mp4_positive.mp3,4.3,-2.06,0.0,8.1,-19.11,0.0,2.7,-6.6,0.0,0.0,False
7343915.mp4,Negative,0.62097794,/Users/ignazioemanuelepicciche/Documents/TESI Magistrale UCBM/Improved_EmoSign_Thesis/results/tts_audio/generated/7343915.mp4_negative.mp3,3.7,3.45,0.933,7.5,-16.59,0.0,1.9,-0.68,0.0,0.311,False
7700328.mp4,Positive,0.6495123,/Users/ignazioemanuelepicciche/Documents/TESI Magistrale UCBM/Improved_EmoSign_Thesis/results/tts_audio/generated/7700328.mp4_positive.mp3,5.2,6.04,0.838,9.7,-10.71,0.0,3.2,-7.1,0.0,0.279,False
7987410.mp4,Negative,0.5196867,/Users/ignazioemanuelepicciche/Documents/TESI Magistrale UCBM/Improved_EmoSign_Thesis/results/tts_audio/generated/7987410.mp4_negative.mp3,3.1,5.41,0.254,6.2,-11.56,0.0,1.6,-4.72,0.0,0.085,False
7986817.mp4,Positive,0.66828835,/Users/ignazioemanuelepicciche/Documents/TESI Magistrale UCBM/Improved_EmoSign_Thesis/results/tts_audio/generated/7986817.mp4_positive.mp3,5.3,12.78,0.0,10.0,-25.59,0.0,3.3,-15.94,0.0,0.0,False
7986818.mp4,Positive,0.5153157,/Users/ignazioemanuelepicciche/Documents/TESI Magistrale UCBM/Improved_EmoSign_Thesis/results/tts_audio/generated/7986818.mp4_positive.mp3,4.1,3.22,0.786,7.7,-26.04,0.0,2.6,-9.95,0.0,0.262,False
7986324.mp4,Positive,0.57959795,/Users/ignazioemanuelepicciche/Documents/TESI Magistrale UCBM/Improved_EmoSign_Thesis/results/tts_audio/generated/7986324.mp4_positive.mp3,4.6,7.76,0.313,8.7,-2.83,0.0,2.9,-7.52,0.0,0.104,False
7986027.mp4,Positive,0.53803915,/Users/ignazioemanuelepicciche/Documents/TESI Magistrale UCBM/Improved_EmoSign_Thesis/results/tts_audio/generated/7986027.mp4_positive.mp3,4.3,9.71,0.0,8.1,-32.77,0.0,2.7,-20.98,0.0,0.0,False
7985731.mp4,Negative,0.5649162,/Users/ignazioemanuelepicciche/Documents/TESI Magistrale UCBM/Improved_EmoSign_Thesis/results/tts_audio/generated/7985731.mp4_negative.mp3,3.4,-0.98,0.0,6.8,-29.73,0.0,1.7,-6.42,0.0,0.0,False
7984743.mp4,Positive,0.6558929,/Users/ignazioemanuelepicciche/Documents/TESI Magistrale UCBM/Improved_EmoSign_Thesis/results/tts_audio/generated/7984743.mp4_positive.mp3,5.2,9.35,0.203,9.8,-32.51,0.0,3.3,-15.94,0.0,0.068,False
7984644.mp4,Positive,0.6357151,/Users/ignazioemanuelepicciche/Documents/TESI Magistrale UCBM/Improved_EmoSign_Thesis/results/tts_audio/generated/7984644.mp4_positive.mp3,5.1,2.06,0.403,9.5,-22.27,0.0,3.2,-5.66,0.0,0.134,False
7983954.mp4,Positive,0.68284684,/Users/ignazioemanuelepicciche/Documents/TESI Magistrale UCBM/Improved_EmoSign_Thesis/results/tts_audio/generated/7983954.mp4_positive.mp3,5.5,5.68,0.967,10.2,1.53,0.15,3.4,-11.68,0.0,0.372,False
7983658.mp4,Positive,0.67327917,/Users/ignazioemanuelepicciche/Documents/TESI Magistrale UCBM/Improved_EmoSign_Thesis/results/tts_audio/generated/7983658.mp4_positive.mp3,5.4,8.08,0.504,10.1,-33.37,0.0,3.4,-8.92,0.0,0.168,False
7983461.mp4,Negative,0.5287381,/Users/ignazioemanuelepicciche/Documents/TESI Magistrale UCBM/Improved_EmoSign_Thesis/results/tts_audio/generated/7983461.mp4_negative.mp3,3.2,5.31,0.342,6.3,-45.45,0.0,1.6,-19.92,0.0,0.114,False
7983363.mp4,Negative,0.52545536,/Users/ignazioemanuelepicciche/Documents/TESI Magistrale UCBM/Improved_EmoSign_Thesis/results/tts_audio/generated/7983363.mp4_negative.mp3,3.2,-3.92,0.0,6.3,-4.85,0.0,1.6,-6.58,0.0,0.0,False
7983165.mp4,Positive,0.5802342,/Users/ignazioemanuelepicciche/Documents/TESI Magistrale UCBM/Improved_EmoSign_Thesis/results/tts_audio/generated/7983165.mp4_positive.mp3,4.6,4.22,0.918,8.7,-35.6,0.0,2.9,-8.44,0.0,0.306,False
7982377.mp4,Positive,0.5886773,/Users/ignazioemanuelepicciche/Documents/TESI Magistrale UCBM/Improved_EmoSign_Thesis/results/tts_audio/generated/7982377.mp4_positive.mp3,4.7,22.35,0.0,8.8,-42.82,0.0,2.9,-13.08,0.0,0.0,False
7981687.mp4,Positive,0.6122579,/Users/ignazioemanuelepicciche/Documents/TESI Magistrale UCBM/Improved_EmoSign_Thesis/results/tts_audio/generated/7981687.mp4_positive.mp3,4.9,16.27,0.0,9.2,-15.55,0.0,3.1,-8.52,0.0,0.0,False
7981589.mp4,Positive,0.6023816,/Users/ignazioemanuelepicciche/Documents/TESI Magistrale UCBM/Improved_EmoSign_Thesis/results/tts_audio/generated/7981589.mp4_positive.mp3,4.8,2.42,0.505,9.0,-14.45,0.0,3.0,-6.03,0.0,0.168,False
7981490.mp4,Negative,0.5899257,/Users/ignazioemanuelepicciche/Documents/TESI Magistrale UCBM/Improved_EmoSign_Thesis/results/tts_audio/generated/7981490.mp4_negative.mp3,3.5,-2.05,0.0,7.1,-10.76,0.0,1.8,0.7,0.0,0.0,False
7981194.mp4,Positive,0.5122209,/Users/ignazioemanuelepicciche/Documents/TESI Magistrale UCBM/Improved_EmoSign_Thesis/results/tts_audio/generated/7981194.mp4_positive.mp3,4.1,5.66,0.619,7.7,30.14,0.0,2.6,2.91,0.0,0.206,False
7980898.mp4,Positive,0.58673537,/Users/ignazioemanuelepicciche/Documents/TESI Magistrale UCBM/Improved_EmoSign_Thesis/results/tts_audio/generated/7980898.mp4_positive.mp3,4.7,4.86,0.966,8.8,-1.16,0.0,2.9,-3.61,0.0,0.322,False
7980799.mp4,Positive,0.58145595,/Users/ignazioemanuelepicciche/Documents/TESI Magistrale UCBM/Improved_EmoSign_Thesis/results/tts_audio/generated/7980799.mp4_positive.mp3,4.7,1.16,0.247,8.7,-16.15,0.0,2.9,-0.69,0.0,0.082,False
79797114.mp4,Positive,0.63130945,/Users/ignazioemanuelepicciche/Documents/TESI Magistrale UCBM/Improved_EmoSign_Thesis/results/tts_audio/generated/79797114.mp4_positive.mp3,5.1,4.48,0.878,9.5,-0.34,0.0,3.2,1.91,0.0,0.293,False
79792122.mp4,Negative,0.51699924,/Users/ignazioemanuelepicciche/Documents/TESI Magistrale UCBM/Improved_EmoSign_Thesis/results/tts_audio/generated/79792122.mp4_negative.mp3,3.1,2.11,0.68,6.2,0.0,0.0,1.6,1.19,0.0,0.227,False
79791123.mp4,Positive,0.5222244,/Users/ignazioemanuelepicciche/Documents/TESI Magistrale UCBM/Improved_EmoSign_Thesis/results/tts_audio/generated/79791123.mp4_positive.mp3,4.2,5.0,0.809,7.8,8.74,0.879,2.6,-0.35,0.0,0.563,False
5873528.mp4,Negative,0.50549203,/Users/ignazioemanuelepicciche/Documents/TESI Magistrale UCBM/Improved_EmoSign_Thesis/results/tts_audio/generated/5873528.mp4_negative.mp3,3.0,1.59,0.529,6.1,4.33,0.71,1.5,-3.23,0.0,0.413,False
58734811.mp4,Positive,0.5774821,/Users/ignazioemanuelepicciche/Documents/TESI Magistrale UCBM/Improved_EmoSign_Thesis/results/tts_audio/generated/58734811.mp4_positive.mp3,4.6,2.9,0.631,8.7,-31.93,0.0,2.9,-4.55,0.0,0.21,False
58734712.mp4,Positive,0.54092914,/Users/ignazioemanuelepicciche/Documents/TESI Magistrale UCBM/Improved_EmoSign_Thesis/results/tts_audio/generated/58734712.mp4_positive.mp3,4.3,2.93,0.682,8.1,-37.66,0.0,2.7,-4.38,0.0,0.227,False
58734613.mp4,Positive,0.59330636,/Users/ignazioemanuelepicciche/Documents/TESI Magistrale UCBM/Improved_EmoSign_Thesis/results/tts_audio/generated/58734613.mp4_positive.mp3,4.7,3.65,0.776,8.9,-31.42,0.0,3.0,-4.65,0.0,0.259,False
58734317.mp4,Positive,0.68112916,/Users/ignazioemanuelepicciche/Documents/TESI Magistrale UCBM/Improved_EmoSign_Thesis/results/tts_audio/generated/58734317.mp4_positive.mp3,5.4,9.58,0.226,10.2,-29.13,0.0,3.4,-6.33,0.0,0.075,False
58734020.mp4,Negative,0.5716512,/Users/ignazioemanuelepicciche/Documents/TESI Magistrale UCBM/Improved_EmoSign_Thesis/results/tts_audio/generated/58734020.mp4_negative.mp3,3.4,8.54,0.0,6.9,-17.08,0.0,1.7,-1.21,0.0,0.0,False
58733526.mp4,Positive,0.6134697,/Users/ignazioemanuelepicciche/Documents/TESI Magistrale UCBM/Improved_EmoSign_Thesis/results/tts_audio/generated/58733526.mp4_positive.mp3,4.9,-2.36,0.0,9.2,-29.08,0.0,3.1,-3.74,0.0,0.0,False
17077.mp4,Negative,0.5566262,/Users/ignazioemanuelepicciche/Documents/TESI Magistrale UCBM/Improved_EmoSign_Thesis/results/tts_audio/generated/17077.mp4_negative.mp3,3.3,-1.26,0.0,6.7,-13.63,0.0,1.7,-12.57,0.0,0.0,False
171111.mp4,Negative,0.5347115,/Users/ignazioemanuelepicciche/Documents/TESI Magistrale UCBM/Improved_EmoSign_Thesis/results/tts_audio/generated/171111.mp4_negative.mp3,3.2,-2.81,0.0,6.4,-17.08,0.0,1.6,-11.12,0.0,0.0,False
171820.mp4,Positive,0.56079996,/Users/ignazioemanuelepicciche/Documents/TESI Magistrale UCBM/Improved_EmoSign_Thesis/results/tts_audio/generated/171820.mp4_positive.mp3,4.5,3.38,0.752,8.4,-9.13,0.0,2.8,-4.23,0.0,0.251,False
172022.mp4,Positive,0.5456972,/Users/ignazioemanuelepicciche/Documents/TESI Magistrale UCBM/Improved_EmoSign_Thesis/results/tts_audio/generated/172022.mp4_positive.mp3,4.4,-1.5,0.0,8.2,-33.67,0.0,2.7,-11.55,0.0,0.0,False
172529.mp4,Positive,0.5008535,/Users/ignazioemanuelepicciche/Documents/TESI Magistrale UCBM/Improved_EmoSign_Thesis/results/tts_audio/generated/172529.mp4_positive.mp3,4.0,8.34,0.0,7.5,-21.03,0.0,2.5,-6.66,0.0,0.0,False
172630.mp4,Negative,0.6043211,/Users/ignazioemanuelepicciche/Documents/TESI Magistrale UCBM/Improved_EmoSign_Thesis/results/tts_audio/generated/172630.mp4_negative.mp3,3.6,1.67,0.465,7.3,-42.15,0.0,1.8,-5.86,0.0,0.155,False
172732.mp4,Positive,0.6567846,/Users/ignazioemanuelepicciche/Documents/TESI Magistrale UCBM/Improved_EmoSign_Thesis/results/tts_audio/generated/172732.mp4_positive.mp3,5.3,8.27,0.439,9.9,-33.0,0.0,3.3,-11.39,0.0,0.146,False
173036.mp4,Positive,0.63896674,/Users/ignazioemanuelepicciche/Documents/TESI Magistrale UCBM/Improved_EmoSign_Thesis/results/tts_audio/generated/173036.mp4_positive.mp3,5.1,1.59,0.312,9.6,-38.25,0.0,3.2,-12.42,0.0,0.104,False
173340.mp4,Negative,0.5738318,/Users/ignazioemanuelepicciche/Documents/TESI Magistrale UCBM/Improved_EmoSign_Thesis/results/tts_audio/generated/173340.mp4_negative.mp3,3.4,3.56,0.954,6.9,-21.65,0.0,1.7,-9.35,0.0,0.318,False
173441.mp4,Negative,0.50905573,/Users/ignazioemanuelepicciche/Documents/TESI Magistrale UCBM/Improved_EmoSign_Thesis/results/tts_audio/generated/173441.mp4_negative.mp3,3.1,-3.4,0.0,6.1,-20.08,0.0,1.5,-4.28,0.0,0.0,False
173442.mp4,Positive,0.64420205,/Users/ignazioemanuelepicciche/Documents/TESI Magistrale UCBM/Improved_EmoSign_Thesis/results/tts_audio/generated/173442.mp4_positive.mp3,5.2,13.09,0.0,9.7,-44.72,0.0,3.2,-13.08,0.0,0.0,False
173543.mp4,Positive,0.64224374,/Users/ignazioemanuelepicciche/Documents/TESI Magistrale UCBM/Improved_EmoSign_Thesis/results/tts_audio/generated/173543.mp4_positive.mp3,5.1,3.33,0.652,9.6,-0.29,0.0,3.2,-4.94,0.0,0.217,False
173745.mp4,Positive,0.65873224,/Users/ignazioemanuelepicciche/Documents/TESI Magistrale UCBM/Improved_EmoSign_Thesis/results/tts_audio/generated/173745.mp4_positive.mp3,5.3,0.99,0.187,9.9,-49.44,0.0,3.3,-16.97,0.0,0.062,False
173949.mp4,Positive,0.5943962,/Users/ignazioemanuelepicciche/Documents/TESI Magistrale UCBM/Improved_EmoSign_Thesis/results/tts_audio/generated/173949.mp4_positive.mp3,4.8,2.62,0.546,8.9,-26.84,0.0,3.0,-3.55,0.0,0.182,False
174050.mp4,Positive,0.6440126,/Users/ignazioemanuelepicciche/Documents/TESI Magistrale UCBM/Improved_EmoSign_Thesis/results/tts_audio/generated/174050.mp4_positive.mp3,5.2,5.49,0.944,9.7,-3.35,0.0,3.2,-3.48,0.0,0.315,False
840018.mp4,Positive,0.59819275,/Users/ignazioemanuelepicciche/Documents/TESI Magistrale UCBM/Improved_EmoSign_Thesis/results/tts_audio/generated/840018.mp4_positive.mp3,4.8,7.82,0.371,9.0,-21.71,0.0,3.0,-6.63,0.0,0.124,False
8399614.mp4,Positive,0.5772213,/Users/ignazioemanuelepicciche/Documents/TESI Magistrale UCBM/Improved_EmoSign_Thesis/results/tts_audio/generated/8399614.mp4_positive.mp3,4.6,11.57,0.0,8.7,-34.97,0.0,2.9,-10.98,0.0,0.0,False
8398627.mp4,Positive,0.50276697,/Users/ignazioemanuelepicciche/Documents/TESI Magistrale UCBM/Improved_EmoSign_Thesis/results/tts_audio/generated/8398627.mp4_positive.mp3,4.0,3.44,0.86,7.5,-19.24,0.0,2.5,-2.87,0.0,0.287,False
8398331.mp4,Negative,0.53624284,/Users/ignazioemanuelepicciche/Documents/TESI Magistrale UCBM/Improved_EmoSign_Thesis/results/tts_audio/generated/8398331.mp4_negative.mp3,3.2,0.91,0.286,6.4,-17.08,0.0,1.6,-12.42,0.0,0.095,False
8397936.mp4,Positive,0.6710563,/Users/ignazioemanuelepicciche/Documents/TESI Magistrale UCBM/Improved_EmoSign_Thesis/results/tts_audio/generated/8397936.mp4_positive.mp3,5.4,9.48,0.245,10.1,-3.48,0.0,3.4,-0.01,0.443,0.229,False
8397838.mp4,Positive,0.56896096,/Users/ignazioemanuelepicciche/Documents/TESI Magistrale UCBM/Improved_EmoSign_Thesis/results/tts_audio/generated/8397838.mp4_positive.mp3,4.6,3.38,0.734,8.5,-17.33,0.0,2.8,4.83,0.0,0.245,False
8397050.mp4,Positive,0.6274337,/Users/ignazioemanuelepicciche/Documents/TESI Magistrale UCBM/Improved_EmoSign_Thesis/results/tts_audio/generated/8397050.mp4_positive.mp3,5.0,11.06,0.0,9.4,-42.15,0.0,3.1,-13.67,0.0,0.0,False
8396754.mp4,Positive,0.51816386,/Users/ignazioemanuelepicciche/Documents/TESI Magistrale UCBM/Improved_EmoSign_Thesis/results/tts_audio/generated/8396754.mp4_positive.mp3,4.1,7.45,0.183,7.8,-27.11,0.0,2.6,-14.76,0.0,0.061,False
8396064.mp4,Positive,0.51150095,/Users/ignazioemanuelepicciche/Documents/TESI Magistrale UCBM/Improved_EmoSign_Thesis/results/tts_audio/generated/8396064.mp4_positive.mp3,4.1,6.18,0.493,7.7,-25.19,0.0,2.6,-5.96,0.0,0.164,False
8395966.mp4,Positive,0.6135885,/Users/ignazioemanuelepicciche/Documents/TESI Magistrale UCBM/Improved_EmoSign_Thesis/results/tts_audio/generated/8395966.mp4_positive.mp3,4.9,4.55,0.928,9.2,8.0,0.87,3.1,3.17,0.0,0.599,False
8395867.mp4,Positive,0.5789181,/Users/ignazioemanuelepicciche/Documents/TESI Magistrale UCBM/Improved_EmoSign_Thesis/results/tts_audio/generated/8395867.mp4_positive.mp3,4.6,4.63,0.994,8.7,-21.65,0.0,2.9,-6.91,0.0,0.331,False
8395670.mp4,Positive,0.6864846,/Users/ignazioemanuelepicciche/Documents/TESI Magistrale UCBM/Improved_EmoSign_Thesis/results/tts_audio/generated/8395670.mp4_positive.mp3,5.5,7.57,0.623,10.3,-10.01,0.0,3.4,-5.07,0.0,0.208,False
8395473.mp4,Positive,0.5656092,/Users/ignazioemanuelepicciche/Documents/TESI Magistrale UCBM/Improved_EmoSign_Thesis/results/tts_audio/generated/8395473.mp4_positive.mp3,4.5,5.19,0.848,8.5,-17.77,0.0,2.8,-4.96,0.0,0.283,False
338228.mp4,Negative,0.51587,/Users/ignazioemanuelepicciche/Documents/TESI Magistrale UCBM/Improved_EmoSign_Thesis/results/tts_audio/generated/338228.mp4_negative.mp3,3.1,7.93,0.0,6.2,-18.82,0.0,1.5,-6.15,0.0,0.0,False
3382011.mp4,Positive,0.52788925,/Users/ignazioemanuelepicciche/Documents/TESI Magistrale UCBM/Improved_EmoSign_Thesis/results/tts_audio/generated/3382011.mp4_positive.mp3,4.2,5.23,0.754,7.9,-7.3,0.0,2.6,-3.72,0.0,0.251,False
3381912.mp4,Positive,0.716603,/Users/ignazioemanuelepicciche/Documents/TESI Magistrale UCBM/Improved_EmoSign_Thesis/results/tts_audio/generated/3381912.mp4_positive.mp3,5.7,6.59,0.843,10.7,-14.41,0.0,3.6,-2.32,0.0,0.281,False
3381715.mp4,Positive,0.6568699,/Users/ignazioemanuelepicciche/Documents/TESI Magistrale UCBM/Improved_EmoSign_Thesis/results/tts_audio/generated/3381715.mp4_positive.mp3,5.3,2.6,0.49,9.9,-26.53,0.0,3.3,-2.42,0.0,0.163,False
3380826.mp4,Positive,0.51556647,/Users/ignazioemanuelepicciche/Documents/TESI Magistrale UCBM/Improved_EmoSign_Thesis/results/tts_audio/generated/3380826.mp4_positive.mp3,4.1,6.25,0.476,7.7,-8.41,0.0,2.6,-2.08,0.0,0.159,False
3380727.mp4,Positive,0.65221035,/Users/ignazioemanuelepicciche/Documents/TESI Magistrale UCBM/Improved_EmoSign_Thesis/results/tts_audio/generated/3380727.mp4_positive.mp3,5.2,6.87,0.679,9.8,-11.69,0.0,3.3,-2.29,0.0,0.226,False
3380433.mp4,Negative,0.5213125,/Users/ignazioemanuelepicciche/Documents/TESI Magistrale UCBM/Improved_EmoSign_Thesis/results/tts_audio/generated/3380433.mp4_negative.mp3,3.1,7.78,0.0,6.3,-17.08,0.0,1.6,-9.04,0.0,0.0,False
3380334.mp4,Positive,0.592684,/Users/ignazioemanuelepicciche/Documents/TESI Magistrale UCBM/Improved_EmoSign_Thesis/results/tts_audio/generated/3380334.mp4_positive.mp3,4.7,10.79,0.0,8.9,-24.62,0.0,3.0,-4.96,0.0,0.0,False
3379644.mp4,Positive,0.6103576,/Users/ignazioemanuelepicciche/Documents/TESI Magistrale UCBM/Improved_EmoSign_Thesis/results/tts_audio/generated/3379644.mp4_positive.mp3,4.9,15.6,0.0,9.2,-21.78,0.0,3.1,-2.41,0.0,0.0,False
3379053.mp4,Positive,0.5246301,/Users/ignazioemanuelepicciche/Documents/TESI Magistrale UCBM/Improved_EmoSign_Thesis/results/tts_audio/generated/3379053.mp4_positive.mp3,4.2,3.28,0.78,7.9,-2.97,0.0,2.6,0.12,0.819,0.533,False
3378954.mp4,Positive,0.6352558,/Users/ignazioemanuelepicciche/Documents/TESI Magistrale UCBM/Improved_EmoSign_Thesis/results/tts_audio/generated/3378954.mp4_positive.mp3,5.1,1.37,0.27,9.5,-3.35,0.0,3.2,1.27,0.0,0.09,False
3378363.mp4,Negative,0.6331281,/Users/ignazioemanuelepicciche/Documents/TESI Magistrale UCBM/Improved_EmoSign_Thesis/results/tts_audio/generated/3378363.mp4_negative.mp3,3.8,5.6,0.526,7.6,-35.11,0.0,1.9,-8.4,0.0,0.175,False
3378264.mp4,Positive,0.52120507,/Users/ignazioemanuelepicciche/Documents/TESI Magistrale UCBM/Improved_EmoSign_Thesis/results/tts_audio/generated/3378264.mp4_positive.mp3,4.2,7.72,0.161,7.8,-17.72,0.0,2.6,-4.27,0.0,0.054,False
8841.mp4,Positive,0.5509267,/Users/ignazioemanuelepicciche/Documents/TESI Magistrale UCBM/Improved_EmoSign_Thesis/results/tts_audio/generated/8841.mp4_positive.mp3,4.4,-0.72,0.0,8.3,-20.69,0.0,2.8,-7.8,0.0,0.0,False
6814.mp4,Negative,0.50886166,/Users/ignazioemanuelepicciche/Documents/TESI Magistrale UCBM/Improved_EmoSign_Thesis/results/tts_audio/generated/6814.mp4_negative.mp3,3.1,13.21,0.0,6.1,-25.24,0.0,1.5,-6.42,0.0,0.0,False
7119.mp4,Positive,0.6783207,/Users/ignazioemanuelepicciche/Documents/TESI Magistrale UCBM/Improved_EmoSign_Thesis/results/tts_audio/generated/7119.mp4_positive.mp3,5.4,3.43,0.635,10.2,-0.5,0.0,3.4,-7.51,0.0,0.212,False
7321.mp4,Positive,0.58156073,/Users/ignazioemanuelepicciche/Documents/TESI Magistrale UCBM/Improved_EmoSign_Thesis/results/tts_audio/generated/7321.mp4_positive.mp3,4.7,3.1,0.66,8.7,-4.52,0.0,2.9,-3.6,0.0,0.22,False
7422.mp4,Positive,0.68361074,/Users/ignazioemanuelepicciche/Documents/TESI Magistrale UCBM/Improved_EmoSign_Thesis/results/tts_audio/generated/7422.mp4_positive.mp3,5.5,7.46,0.644,10.3,-1.81,0.0,3.4,-3.51,0.0,0.215,False
8436.mp4,Positive,0.5893056,/Users/ignazioemanuelepicciche/Documents/TESI Magistrale UCBM/Improved_EmoSign_Thesis/results/tts_audio/generated/8436.mp4_positive.mp3,4.7,10.84,0.0,8.8,-4.76,0.0,2.9,-4.11,0.0,0.0,False
8638.mp4,Positive,0.64151686,/Users/ignazioemanuelepicciche/Documents/TESI Magistrale UCBM/Improved_EmoSign_Thesis/results/tts_audio/generated/8638.mp4_positive.mp3,5.1,3.98,0.78,9.6,-18.17,0.0,3.2,-3.59,0.0,0.26,False
9956.mp4,Positive,0.6857848,/Users/ignazioemanuelepicciche/Documents/TESI Magistrale UCBM/Improved_EmoSign_Thesis/results/tts_audio/generated/9956.mp4_positive.mp3,5.5,3.99,0.725,10.3,17.33,0.317,3.4,-9.37,0.0,0.347,False
362.mp4,Positive,0.6364897,/Users/ignazioemanuelepicciche/Documents/TESI Magistrale UCBM/Improved_EmoSign_Thesis/results/tts_audio/generated/362.mp4_positive.mp3,5.1,10.61,0.0,9.5,-10.84,0.0,3.2,-14.02,0.0,0.0,False
1372.mp4,Positive,0.5192269,/Users/ignazioemanuelepicciche/Documents/TESI Magistrale UCBM/Improved_EmoSign_Thesis/results/tts_audio/generated/1372.mp4_positive.mp3,4.2,0.79,0.187,7.8,-30.18,0.0,2.6,-13.8,0.0,0.062,False
1575.mp4,Negative,0.50373966,/Users/ignazioemanuelepicciche/Documents/TESI Magistrale UCBM/Improved_EmoSign_Thesis/results/tts_audio/generated/1575.mp4_negative.mp3,3.0,-2.06,0.0,6.0,-52.89,0.0,1.5,-14.3,0.0,0.0,False
1677.mp4,Positive,0.6887211,/Users/ignazioemanuelepicciche/Documents/TESI Magistrale UCBM/Improved_EmoSign_Thesis/results/tts_audio/generated/1677.mp4_positive.mp3,5.5,0.66,0.119,10.3,-20.27,0.0,3.4,-10.44,0.0,0.04,False
2590.mp4,Positive,0.5326172,/Users/ignazioemanuelepicciche/Documents/TESI Magistrale UCBM/Improved_EmoSign_Thesis/results/tts_audio/generated/2590.mp4_positive.mp3,4.3,3.48,0.81,8.0,-14.45,0.0,2.7,-4.08,0.0,0.27,False
3098.mp4,Positive,0.6627439,/Users/ignazioemanuelepicciche/Documents/TESI Magistrale UCBM/Improved_EmoSign_Thesis/results/tts_audio/generated/3098.mp4_positive.mp3,5.3,-0.4,0.0,9.9,-10.71,0.0,3.3,-5.12,0.0,0.0,False
32100.mp4,Positive,0.55087376,/Users/ignazioemanuelepicciche/Documents/TESI Magistrale UCBM/Improved_EmoSign_Thesis/results/tts_audio/generated/32100.mp4_positive.mp3,4.4,8.92,0.0,8.3,-21.25,0.0,2.8,-13.42,0.0,0.0,False
24363254.mp4,Negative,0.77281857,/Users/ignazioemanuelepicciche/Documents/TESI Magistrale UCBM/Improved_EmoSign_Thesis/results/tts_audio/generated/24363254.mp4_negative.mp3,4.6,1.43,0.312,9.3,-10.71,0.0,2.3,0.7,0.0,0.104,False
24480520.mp4,Negative,0.56411827,/Users/ignazioemanuelepicciche/Documents/TESI Magistrale UCBM/Improved_EmoSign_Thesis/results/tts_audio/generated/24480520.mp4_negative.mp3,3.4,1.44,0.423,6.8,-15.1,0.0,1.7,-5.45,0.0,0.141,False
29052074.mp4,Negative,0.6419419,/Users/ignazioemanuelepicciche/Documents/TESI Magistrale UCBM/Improved_EmoSign_Thesis/results/tts_audio/generated/29052074.mp4_negative.mp3,3.9,2.25,0.578,7.7,-13.15,0.0,1.9,3.14,0.0,0.193,False
64778101.mp4,Negative,0.81741977,/Users/ignazioemanuelepicciche/Documents/TESI Magistrale UCBM/Improved_EmoSign_Thesis/results/tts_audio/generated/64778101.mp4_negative.mp3,4.9,5.59,0.859,9.8,12.16,0.759,2.5,1.02,0.0,0.539,False
65086412.mp4,Negative,0.83454174,/Users/ignazioemanuelepicciche/Documents/TESI Magistrale UCBM/Improved_EmoSign_Thesis/results/tts_audio/generated/65086412.mp4_negative.mp3,5.0,5.73,0.853,10.0,-5.58,0.0,2.5,-4.18,0.0,0.284,False
65174582.mp4,Negative,0.797705,/Users/ignazioemanuelepicciche/Documents/TESI Magistrale UCBM/Improved_EmoSign_Thesis/results/tts_audio/generated/65174582.mp4_negative.mp3,4.8,5.83,0.785,9.6,0.42,0.044,2.4,4.4,0.0,0.276,False
66058307.mp4,Negative,0.7707061,/Users/ignazioemanuelepicciche/Documents/TESI Magistrale UCBM/Improved_EmoSign_Thesis/results/tts_audio/generated/66058307.mp4_negative.mp3,4.6,7.17,0.441,9.2,-0.32,0.0,2.3,0.06,0.744,0.395,False
31660612.mp4,Positive,0.5772375,/Users/ignazioemanuelepicciche/Documents/TESI Magistrale UCBM/Improved_EmoSign_Thesis/results/tts_audio/generated/31660612.mp4_positive.mp3,4.6,-3.73,0.0,8.7,-39.33,0.0,2.9,-16.57,0.0,0.0,False
31660216.mp4,Positive,0.52333635,/Users/ignazioemanuelepicciche/Documents/TESI Magistrale UCBM/Improved_EmoSign_Thesis/results/tts_audio/generated/31660216.mp4_positive.mp3,4.2,0.44,0.104,7.9,-28.52,0.0,2.6,-7.16,0.0,0.035,False
31659327.mp4,Positive,0.83853036,/Users/ignazioemanuelepicciche/Documents/TESI Magistrale UCBM/Improved_EmoSign_Thesis/results/tts_audio/generated/31659327.mp4_positive.mp3,6.7,-3.36,0.0,12.6,-50.05,0.0,4.2,-16.05,0.0,0.0,False
31658341.mp4,Positive,0.6961448,/Users/ignazioemanuelepicciche/Documents/TESI Magistrale UCBM/Improved_EmoSign_Thesis/results/tts_audio/generated/31658341.mp4_positive.mp3,5.6,6.05,0.92,10.4,-17.08,0.0,3.5,-7.81,0.0,0.307,False
31657848.mp4,Positive,0.55479693,/Users/ignazioemanuelepicciche/Documents/TESI Magistrale UCBM/Improved_EmoSign_Thesis/results/tts_audio/generated/31657848.mp4_positive.mp3,4.4,9.18,0.0,8.3,-32.77,0.0,2.8,-21.13,0.0,0.0,False
31657650.mp4,Positive,0.6991944,/Users/ignazioemanuelepicciche/Documents/TESI Magistrale UCBM/Improved_EmoSign_Thesis/results/tts_audio/generated/31657650.mp4_positive.mp3,5.6,2.44,0.435,10.5,-2.45,0.0,3.5,-5.08,0.0,0.145,False
31657453.mp4,Positive,0.7173345,/Users/ignazioemanuelepicciche/Documents/TESI Magistrale UCBM/Improved_EmoSign_Thesis/results/tts_audio/generated/31657453.mp4_positive.mp3,5.7,2.46,0.431,10.8,-36.83,0.0,3.6,-7.9,0.0,0.144,False
31656468.mp4,Positive,0.6418249,/Users/ignazioemanuelepicciche/Documents/TESI Magistrale UCBM/Improved_EmoSign_Thesis/results/tts_audio/generated/31656468.mp4_positive.mp3,5.1,7.84,0.463,9.6,-10.71,0.0,3.2,-5.64,0.0,0.154,False
31655777.mp4,Positive,0.71031266,/Users/ignazioemanuelepicciche/Documents/TESI Magistrale UCBM/Improved_EmoSign_Thesis/results/tts_audio/generated/31655777.mp4_positive.mp3,5.7,7.24,0.729,10.7,-23.35,0.0,3.6,-7.47,0.0,0.243,False
31655778.mp4,Positive,0.71662897,/Users/ignazioemanuelepicciche/Documents/TESI Magistrale UCBM/Improved_EmoSign_Thesis/results/tts_audio/generated/31655778.mp4_positive.mp3,5.7,0.86,0.151,10.7,-0.86,0.0,3.6,-0.16,0.097,0.083,False
31655481.mp4,Positive,0.5780989,/Users/ignazioemanuelepicciche/Documents/TESI Magistrale UCBM/Improved_EmoSign_Thesis/results/tts_audio/generated/31655481.mp4_positive.mp3,4.6,2.67,0.581,8.7,-8.94,0.0,2.9,-2.68,0.0,0.194,False
31655186.mp4,Positive,0.518035,/Users/ignazioemanuelepicciche/Documents/TESI Magistrale UCBM/Improved_EmoSign_Thesis/results/tts_audio/generated/31655186.mp4_positive.mp3,4.1,0.85,0.208,7.8,-14.41,0.0,2.6,-2.08,0.0,0.069,False
31655087.mp4,Negative,0.54525405,/Users/ignazioemanuelepicciche/Documents/TESI Magistrale UCBM/Improved_EmoSign_Thesis/results/tts_audio/generated/31655087.mp4_negative.mp3,3.3,-4.92,0.0,6.5,-30.9,0.0,1.6,-3.18,0.0,0.0,False
31655088.mp4,Positive,0.5828445,/Users/ignazioemanuelepicciche/Documents/TESI Magistrale UCBM/Improved_EmoSign_Thesis/results/tts_audio/generated/31655088.mp4_positive.mp3,4.7,3.37,0.717,8.7,-12.96,0.0,2.9,0.97,0.0,0.239,False
36918922.mp4,Positive,0.78102934,/Users/ignazioemanuelepicciche/Documents/TESI Magistrale UCBM/Improved_EmoSign_Thesis/results/tts_audio/generated/36918922.mp4_positive.mp3,6.2,8.49,0.63,11.7,-34.67,0.0,3.9,-15.96,0.0,0.21,False
1470684.mp4,Positive,0.75791854,/Users/ignazioemanuelepicciche/Documents/TESI Magistrale UCBM/Improved_EmoSign_Thesis/results/tts_audio/generated/1470684.mp4_positive.mp3,6.1,5.34,0.876,11.4,-25.05,0.0,3.8,-12.33,0.0,0.292,False
35420258.mp4,Positive,0.84620076,/Users/ignazioemanuelepicciche/Documents/TESI Magistrale UCBM/Improved_EmoSign_Thesis/results/tts_audio/generated/35420258.mp4_positive.mp3,6.8,7.47,0.902,12.7,-34.54,0.0,4.2,-2.09,0.0,0.301,False
79664536.mp4,Positive,0.8165568,/Users/ignazioemanuelepicciche/Documents/TESI Magistrale UCBM/Improved_EmoSign_Thesis/results/tts_audio/generated/79664536.mp4_positive.mp3,6.5,3.86,0.594,12.2,-9.64,0.0,4.1,-0.67,0.0,0.198,False
69413690.mp4,Positive,0.793566,/Users/ignazioemanuelepicciche/Documents/TESI Magistrale UCBM/Improved_EmoSign_Thesis/results/tts_audio/generated/69413690.mp4_positive.mp3,6.3,0.8,0.127,11.9,-19.99,0.0,4.0,-6.78,0.0,0.042,False
5989857.mp4,Positive,0.7650525,/Users/ignazioemanuelepicciche/Documents/TESI Magistrale UCBM/Improved_EmoSign_Thesis/results/tts_audio/generated/5989857.mp4_positive.mp3,6.1,11.26,0.154,11.5,-35.91,0.0,3.8,-8.38,0.0,0.051,False
