video_name,emotion,confidence,bark_speaker,emotional_tag,temperature,audio_path,caption
83664512.mp4,Positive,0.69366455,v2/en_speaker_6,[laughs],0.7,/Users/ignazioemanuelepicciche/Documents/TESI Magistrale UCBM/Improved_EmoSign_Thesis/results/tts_audio/bark_generated/83664512.mp4_positive.wav,"I was like, “Oh, wow, that`s fine.” He wanted to transfer to Rochester because he wanted to work at RIT too."
25328.mp4,Positive,0.73794603,v2/en_speaker_6,[laughs],0.7,/Users/ignazioemanuelepicciche/Documents/TESI Magistrale UCBM/Improved_EmoSign_Thesis/results/tts_audio/bark_generated/25328.mp4_positive.wav,There are so many things that are wrong with the system.
253715.mp4,Positive,0.83605856,v2/en_speaker_6,[laughs],0.7,/Users/ignazioemanuelepicciche/Documents/TESI Magistrale UCBM/Improved_EmoSign_Thesis/results/tts_audio/bark_generated/253715.mp4_positive.wav,Then they would ask the HIT group about the car and whether if the glass was broken.
255438.mp4,Positive,0.8952973,v2/en_speaker_6,[laughs],0.7,/Users/ignazioemanuelepicciche/Documents/TESI Magistrale UCBM/Improved_EmoSign_Thesis/results/tts_audio/bark_generated/255438.mp4_positive.wav,Or they will ask another group SMASHED about the car and whether if the glass was broken.
253816.mp4,Positive,0.88081914,v2/en_speaker_6,[laughs],0.7,/Users/ignazioemanuelepicciche/Documents/TESI Magistrale UCBM/Improved_EmoSign_Thesis/results/tts_audio/bark_generated/253816.mp4_positive.wav,Or ask the COLLIDED group about the car and if the glass was broken?
253917.mp4,Positive,0.86367255,v2/en_speaker_6,[laughs],0.7,/Users/ignazioemanuelepicciche/Documents/TESI Magistrale UCBM/Improved_EmoSign_Thesis/results/tts_audio/bark_generated/253917.mp4_positive.wav,"Ask another group, the CRASHED group about the car and whether if the glass is broken."
254424.mp4,Positive,0.8348422,v2/en_speaker_6,[laughs],0.7,/Users/ignazioemanuelepicciche/Documents/TESI Magistrale UCBM/Improved_EmoSign_Thesis/results/tts_audio/bark_generated/254424.mp4_positive.wav,"The first thing the doctor and nurse would say to the parents would be ""I am sorry."" It's an automatic negative. ""I am sorry that your child is Deaf""."
254525.mp4,Positive,0.85145533,v2/en_speaker_6,[laughs],0.7,/Users/ignazioemanuelepicciche/Documents/TESI Magistrale UCBM/Improved_EmoSign_Thesis/results/tts_audio/bark_generated/254525.mp4_positive.wav,"Of course the parents would be scared. ""I am sorry"" is never a good thing."
254728.mp4,Positive,0.76320016,v2/en_speaker_6,[laughs],0.7,/Users/ignazioemanuelepicciche/Documents/TESI Magistrale UCBM/Improved_EmoSign_Thesis/results/tts_audio/bark_generated/254728.mp4_positive.wav,"It is very intimidating. There will be seven professionals informing the two parents that their child seem to be sick or have the ""cancer""."
257368.mp4,Positive,0.76719475,v2/en_speaker_6,[laughs],0.7,/Users/ignazioemanuelepicciche/Documents/TESI Magistrale UCBM/Improved_EmoSign_Thesis/results/tts_audio/bark_generated/257368.mp4_positive.wav,"They often use the word ""diagnosis"" It's very negative and it's used for more negative references, such as sickness or cancer. Or maybe terminal illness."
254829.mp4,Positive,0.8399751,v2/en_speaker_6,[laughs],0.7,/Users/ignazioemanuelepicciche/Documents/TESI Magistrale UCBM/Improved_EmoSign_Thesis/results/tts_audio/bark_generated/254829.mp4_positive.wav,"Why don't they use a word like ""identified"" as in ""I've identified this child deaf""? Now it does not seem bad at all."
254931.mp4,Positive,0.78368926,v2/en_speaker_6,[laughs],0.7,/Users/ignazioemanuelepicciche/Documents/TESI Magistrale UCBM/Improved_EmoSign_Thesis/results/tts_audio/bark_generated/254931.mp4_positive.wav,"""Intervention"" implies the need of intervening such as an intervention for drug addicts, stopping something from happening, or when a kid is not behaving well."
255033.mp4,Positive,0.8453066,v2/en_speaker_6,[laughs],0.7,/Users/ignazioemanuelepicciche/Documents/TESI Magistrale UCBM/Improved_EmoSign_Thesis/results/tts_audio/bark_generated/255033.mp4_positive.wav,"The baby is just deaf. It's not their fault, they're doing perfectly fine."
255844.mp4,Positive,0.784511,v2/en_speaker_6,[laughs],0.7,/Users/ignazioemanuelepicciche/Documents/TESI Magistrale UCBM/Improved_EmoSign_Thesis/results/tts_audio/bark_generated/255844.mp4_positive.wav,That makes it to seem like an opportunity to do more than one.
255946.mp4,Positive,0.8544107,v2/en_speaker_6,[laughs],0.7,/Users/ignazioemanuelepicciche/Documents/TESI Magistrale UCBM/Improved_EmoSign_Thesis/results/tts_audio/bark_generated/255946.mp4_positive.wav,The parents might will perceive this as something they should to be upset about.
256351.mp4,Positive,0.79565424,v2/en_speaker_6,[laughs],0.7,/Users/ignazioemanuelepicciche/Documents/TESI Magistrale UCBM/Improved_EmoSign_Thesis/results/tts_audio/bark_generated/256351.mp4_positive.wav,A Deaf role model who has been trained can show the parents that he/she is perfectly fine.
256352.mp4,Positive,0.81340307,v2/en_speaker_6,[laughs],0.7,/Users/ignazioemanuelepicciche/Documents/TESI Magistrale UCBM/Improved_EmoSign_Thesis/results/tts_audio/bark_generated/256352.mp4_positive.wav,He/she can read and write. He/she can communicate. He/she can work. He/she has an education. There's a long list of that and he/she is perfectly fine.
257265.mp4,Positive,0.86833525,v2/en_speaker_6,[laughs],0.7,/Users/ignazioemanuelepicciche/Documents/TESI Magistrale UCBM/Improved_EmoSign_Thesis/results/tts_audio/bark_generated/257265.mp4_positive.wav,"When a deaf child does not have a Deaf mentor, the family will continue to be disappointed and their grief will last longer."
2682847.mp4,Negative,0.5466036,v2/en_speaker_3,[sighs],0.6,/Users/ignazioemanuelepicciche/Documents/TESI Magistrale UCBM/Improved_EmoSign_Thesis/results/tts_audio/bark_generated/2682847.mp4_negative.wav,The car is broken.
2682838.mp4,Negative,0.6731507,v2/en_speaker_3,[sighs],0.6,/Users/ignazioemanuelepicciche/Documents/TESI Magistrale UCBM/Improved_EmoSign_Thesis/results/tts_audio/bark_generated/2682838.mp4_negative.wav,The car broke down.
26827616.mp4,Negative,0.54526925,v2/en_speaker_3,[sighs],0.6,/Users/ignazioemanuelepicciche/Documents/TESI Magistrale UCBM/Improved_EmoSign_Thesis/results/tts_audio/bark_generated/26827616.mp4_negative.wav,"Cousin John's car broke down, do you remember?"
26827517.mp4,Negative,0.5325449,v2/en_speaker_3,[sighs],0.6,/Users/ignazioemanuelepicciche/Documents/TESI Magistrale UCBM/Improved_EmoSign_Thesis/results/tts_audio/bark_generated/26827517.mp4_negative.wav,"It wasn't John whose car broke down, it was Mary."
26827419.mp4,Negative,0.7055685,v2/en_speaker_3,[sighs],0.6,/Users/ignazioemanuelepicciche/Documents/TESI Magistrale UCBM/Improved_EmoSign_Thesis/results/tts_audio/bark_generated/26827419.mp4_negative.wav,"John didn't get into an accident with a truck, he got into an accident with another car."
26827321.mp4,Negative,0.593215,v2/en_speaker_3,[sighs],0.6,/Users/ignazioemanuelepicciche/Documents/TESI Magistrale UCBM/Improved_EmoSign_Thesis/results/tts_audio/bark_generated/26827321.mp4_negative.wav,The car is broken.
36298782.mp4,Negative,0.5735674,v2/en_speaker_3,[sighs],0.6,/Users/ignazioemanuelepicciche/Documents/TESI Magistrale UCBM/Improved_EmoSign_Thesis/results/tts_audio/bark_generated/36298782.mp4_negative.wav,The weather is lousy today.
36295789.mp4,Positive,0.51252455,v2/en_speaker_6,[laughs],0.7,/Users/ignazioemanuelepicciche/Documents/TESI Magistrale UCBM/Improved_EmoSign_Thesis/results/tts_audio/bark_generated/36295789.mp4_positive.wav,Mom doesn't like surprises.
36294790.mp4,Negative,0.62074995,v2/en_speaker_3,[sighs],0.6,/Users/ignazioemanuelepicciche/Documents/TESI Magistrale UCBM/Improved_EmoSign_Thesis/results/tts_audio/bark_generated/36294790.mp4_negative.wav,The weather isn't beautiful today.
36292794.mp4,Negative,0.53434724,v2/en_speaker_3,[sighs],0.6,/Users/ignazioemanuelepicciche/Documents/TESI Magistrale UCBM/Improved_EmoSign_Thesis/results/tts_audio/bark_generated/36292794.mp4_negative.wav,"Yes, I like pineapple cream cheese."
36291796.mp4,Negative,0.71758085,v2/en_speaker_3,[sighs],0.6,/Users/ignazioemanuelepicciche/Documents/TESI Magistrale UCBM/Improved_EmoSign_Thesis/results/tts_audio/bark_generated/36291796.mp4_negative.wav,No! I don't like pineapple cream cheese.
36288803.mp4,Negative,0.7682396,v2/en_speaker_3,[sighs],0.6,/Users/ignazioemanuelepicciche/Documents/TESI Magistrale UCBM/Improved_EmoSign_Thesis/results/tts_audio/bark_generated/36288803.mp4_negative.wav,Dad is like me. He likes chocolate cereal.
5596228.mp4,Positive,0.81965816,v2/en_speaker_6,[laughs],0.7,/Users/ignazioemanuelepicciche/Documents/TESI Magistrale UCBM/Improved_EmoSign_Thesis/results/tts_audio/bark_generated/5596228.mp4_positive.wav,Why is dad upset? I have no idea...
154108.mp4,Positive,0.73214483,v2/en_speaker_6,[laughs],0.7,/Users/ignazioemanuelepicciche/Documents/TESI Magistrale UCBM/Improved_EmoSign_Thesis/results/tts_audio/bark_generated/154108.mp4_positive.wav,"""Today I went out and the weather was lousy."" ""No, it's beautiful and warm outside. It's perfect."""
1540612.mp4,Positive,0.76415265,v2/en_speaker_6,[laughs],0.7,/Users/ignazioemanuelepicciche/Documents/TESI Magistrale UCBM/Improved_EmoSign_Thesis/results/tts_audio/bark_generated/1540612.mp4_positive.wav,"""The book you read was really good."" ""No, it was lousy I didn't like it."""
1540613.mp4,Positive,0.8115121,v2/en_speaker_6,[laughs],0.7,/Users/ignazioemanuelepicciche/Documents/TESI Magistrale UCBM/Improved_EmoSign_Thesis/results/tts_audio/bark_generated/1540613.mp4_positive.wav,"""Texas has a good football team."" ""No they have a lousy team and they are losing. They haven't won a game yet."""
1540021.mp4,Positive,0.7763749,v2/en_speaker_6,[laughs],0.7,/Users/ignazioemanuelepicciche/Documents/TESI Magistrale UCBM/Improved_EmoSign_Thesis/results/tts_audio/bark_generated/1540021.mp4_positive.wav,"""Mc Donalds is a snobby restaurant right?"" ""No, Mcdonalds is a cheap restaurant. They serve hamburgers."""
1539625.mp4,Positive,0.7683143,v2/en_speaker_6,[laughs],0.7,/Users/ignazioemanuelepicciche/Documents/TESI Magistrale UCBM/Improved_EmoSign_Thesis/results/tts_audio/bark_generated/1539625.mp4_positive.wav,"""Your mom will love the surprise party."" ""No, my mom hates surprises."""
17602177.mp4,Positive,0.66224277,v2/en_speaker_6,[laughs],0.7,/Users/ignazioemanuelepicciche/Documents/TESI Magistrale UCBM/Improved_EmoSign_Thesis/results/tts_audio/bark_generated/17602177.mp4_positive.wav,"Last night, there was an accident and traffic was horrible."
17598184.mp4,Positive,0.70273656,v2/en_speaker_6,[laughs],0.7,/Users/ignazioemanuelepicciche/Documents/TESI Magistrale UCBM/Improved_EmoSign_Thesis/results/tts_audio/bark_generated/17598184.mp4_positive.wav,"I love action movies, not boring dramas."
17597185.mp4,Positive,0.69280547,v2/en_speaker_6,[laughs],0.7,/Users/ignazioemanuelepicciche/Documents/TESI Magistrale UCBM/Improved_EmoSign_Thesis/results/tts_audio/bark_generated/17597185.mp4_positive.wav,I know that I should enter the haunted house at my own risk.
17582212.mp4,Positive,0.74543816,v2/en_speaker_6,[laughs],0.7,/Users/ignazioemanuelepicciche/Documents/TESI Magistrale UCBM/Improved_EmoSign_Thesis/results/tts_audio/bark_generated/17582212.mp4_positive.wav,I watched a movie last night. I was really scared.
17596188.mp4,Positive,0.80441004,v2/en_speaker_6,[laughs],0.7,/Users/ignazioemanuelepicciche/Documents/TESI Magistrale UCBM/Improved_EmoSign_Thesis/results/tts_audio/bark_generated/17596188.mp4_positive.wav,The movie is really scary.
17593193.mp4,Positive,0.7914035,v2/en_speaker_6,[laughs],0.7,/Users/ignazioemanuelepicciche/Documents/TESI Magistrale UCBM/Improved_EmoSign_Thesis/results/tts_audio/bark_generated/17593193.mp4_positive.wav,I love riding in airplanes and flying different places.
17590198.mp4,Positive,0.8199838,v2/en_speaker_6,[laughs],0.7,/Users/ignazioemanuelepicciche/Documents/TESI Magistrale UCBM/Improved_EmoSign_Thesis/results/tts_audio/bark_generated/17590198.mp4_positive.wav,My worst enemy is my alarm clock.
17592194.mp4,Positive,0.7851376,v2/en_speaker_6,[laughs],0.7,/Users/ignazioemanuelepicciche/Documents/TESI Magistrale UCBM/Improved_EmoSign_Thesis/results/tts_audio/bark_generated/17592194.mp4_positive.wav,Alcohol is not always good.
17588201.mp4,Positive,0.8315759,v2/en_speaker_6,[laughs],0.7,/Users/ignazioemanuelepicciche/Documents/TESI Magistrale UCBM/Improved_EmoSign_Thesis/results/tts_audio/bark_generated/17588201.mp4_positive.wav,I analyzed and looked over the math problem.
17586206.mp4,Positive,0.81886804,v2/en_speaker_6,[laughs],0.7,/Users/ignazioemanuelepicciche/Documents/TESI Magistrale UCBM/Improved_EmoSign_Thesis/results/tts_audio/bark_generated/17586206.mp4_positive.wav,I love apples in the fall.
17584208.mp4,Positive,0.74361825,v2/en_speaker_6,[laughs],0.7,/Users/ignazioemanuelepicciche/Documents/TESI Magistrale UCBM/Improved_EmoSign_Thesis/results/tts_audio/bark_generated/17584208.mp4_positive.wav,"I was picked to join the club. Wow, it was an honor."
28816.mp4,Positive,0.5529999,v2/en_speaker_6,[laughs],0.7,/Users/ignazioemanuelepicciche/Documents/TESI Magistrale UCBM/Improved_EmoSign_Thesis/results/tts_audio/bark_generated/28816.mp4_positive.wav,"To tell the truth, I love you because you make people laugh so hard!"
29019.mp4,Positive,0.61368585,v2/en_speaker_6,[laughs],0.7,/Users/ignazioemanuelepicciche/Documents/TESI Magistrale UCBM/Improved_EmoSign_Thesis/results/tts_audio/bark_generated/29019.mp4_positive.wav,"Last night, I played a close game of basketball with my friend. The score was 30-28 when it ended."
29423.mp4,Positive,0.76930463,v2/en_speaker_6,[laughs],0.7,/Users/ignazioemanuelepicciche/Documents/TESI Magistrale UCBM/Improved_EmoSign_Thesis/results/tts_audio/bark_generated/29423.mp4_positive.wav,I always get sick in winter because I wear flip-flops.
29525.mp4,Positive,0.6275095,v2/en_speaker_6,[laughs],0.7,/Users/ignazioemanuelepicciche/Documents/TESI Magistrale UCBM/Improved_EmoSign_Thesis/results/tts_audio/bark_generated/29525.mp4_positive.wav,The kids hate their principal because he bawls them out if they have not done their homework.
29626.mp4,Positive,0.5932539,v2/en_speaker_6,[laughs],0.7,/Users/ignazioemanuelepicciche/Documents/TESI Magistrale UCBM/Improved_EmoSign_Thesis/results/tts_audio/bark_generated/29626.mp4_positive.wav,I missed my morning class because I didn`t wake up to my alarm.
29931.mp4,Positive,0.74582696,v2/en_speaker_6,[laughs],0.7,/Users/ignazioemanuelepicciche/Documents/TESI Magistrale UCBM/Improved_EmoSign_Thesis/results/tts_audio/bark_generated/29931.mp4_positive.wav,"Honestly, if I fail this class, my mom will lose it."
30438.mp4,Negative,0.5076671,v2/en_speaker_3,[sighs],0.6,/Users/ignazioemanuelepicciche/Documents/TESI Magistrale UCBM/Improved_EmoSign_Thesis/results/tts_audio/bark_generated/30438.mp4_negative.wav,"""Is the movie good?"" ""No, it was wonderful."""
84088.mp4,Positive,0.6643689,v2/en_speaker_6,[laughs],0.7,/Users/ignazioemanuelepicciche/Documents/TESI Magistrale UCBM/Improved_EmoSign_Thesis/results/tts_audio/bark_generated/84088.mp4_positive.wav,My friend goes out to a party.
841111.mp4,Positive,0.69924724,v2/en_speaker_6,[laughs],0.7,/Users/ignazioemanuelepicciche/Documents/TESI Magistrale UCBM/Improved_EmoSign_Thesis/results/tts_audio/bark_generated/841111.mp4_positive.wav,My friend is currently planning a surprise event.
841314.mp4,Positive,0.7232811,v2/en_speaker_6,[laughs],0.7,/Users/ignazioemanuelepicciche/Documents/TESI Magistrale UCBM/Improved_EmoSign_Thesis/results/tts_audio/bark_generated/841314.mp4_positive.wav,My friend is playing video games.
841618.mp4,Positive,0.7727963,v2/en_speaker_6,[laughs],0.7,/Users/ignazioemanuelepicciche/Documents/TESI Magistrale UCBM/Improved_EmoSign_Thesis/results/tts_audio/bark_generated/841618.mp4_positive.wav,Is your friend`s party good?
841720.mp4,Positive,0.8069689,v2/en_speaker_6,[laughs],0.7,/Users/ignazioemanuelepicciche/Documents/TESI Magistrale UCBM/Improved_EmoSign_Thesis/results/tts_audio/bark_generated/841720.mp4_positive.wav,"Is it fun going fishing with your friends? (starts out signing ""fishing"" but repairs to ""friend"")"
841821.mp4,Positive,0.69925517,v2/en_speaker_6,[laughs],0.7,/Users/ignazioemanuelepicciche/Documents/TESI Magistrale UCBM/Improved_EmoSign_Thesis/results/tts_audio/bark_generated/841821.mp4_positive.wav,Will Bob be surprised at his surprise party?
842226.mp4,Positive,0.86870354,v2/en_speaker_6,[laughs],0.7,/Users/ignazioemanuelepicciche/Documents/TESI Magistrale UCBM/Improved_EmoSign_Thesis/results/tts_audio/bark_generated/842226.mp4_positive.wav,Does your friend really love surfing the internet?
842327.mp4,Positive,0.80659485,v2/en_speaker_6,[laughs],0.7,/Users/ignazioemanuelepicciche/Documents/TESI Magistrale UCBM/Improved_EmoSign_Thesis/results/tts_audio/bark_generated/842327.mp4_positive.wav,Does your friend love surfing the Internet?
843443.mp4,Positive,0.68539935,v2/en_speaker_6,[laughs],0.7,/Users/ignazioemanuelepicciche/Documents/TESI Magistrale UCBM/Improved_EmoSign_Thesis/results/tts_audio/bark_generated/843443.mp4_positive.wav,Why does your friend love travelling?
844052.mp4,Positive,0.6375776,v2/en_speaker_6,[laughs],0.7,/Users/ignazioemanuelepicciche/Documents/TESI Magistrale UCBM/Improved_EmoSign_Thesis/results/tts_audio/bark_generated/844052.mp4_positive.wav,"If my friend goes out to a party, I will join them for sure."
844153.mp4,Positive,0.6360829,v2/en_speaker_6,[laughs],0.7,/Users/ignazioemanuelepicciche/Documents/TESI Magistrale UCBM/Improved_EmoSign_Thesis/results/tts_audio/bark_generated/844153.mp4_positive.wav,"If my friend goes out to a party, my roommate and I will join."
844255.mp4,Positive,0.7188114,v2/en_speaker_6,[laughs],0.7,/Users/ignazioemanuelepicciche/Documents/TESI Magistrale UCBM/Improved_EmoSign_Thesis/results/tts_audio/bark_generated/844255.mp4_positive.wav,"If my boss summons me, everyone will know I`m in trouble."
844356.mp4,Positive,0.62993616,v2/en_speaker_6,[laughs],0.7,/Users/ignazioemanuelepicciche/Documents/TESI Magistrale UCBM/Improved_EmoSign_Thesis/results/tts_audio/bark_generated/844356.mp4_positive.wav,"If my friend goes out fishing, I have to monitor the weather to make sure it`s fine for fishing."
844457.mp4,Positive,0.7346859,v2/en_speaker_6,[laughs],0.7,/Users/ignazioemanuelepicciche/Documents/TESI Magistrale UCBM/Improved_EmoSign_Thesis/results/tts_audio/bark_generated/844457.mp4_positive.wav,"When my friend goes out fishing, the fish has to go in the bucket immediately so it will be fresh."
844458.mp4,Positive,0.77189606,v2/en_speaker_6,[laughs],0.7,/Users/ignazioemanuelepicciche/Documents/TESI Magistrale UCBM/Improved_EmoSign_Thesis/results/tts_audio/bark_generated/844458.mp4_positive.wav,"If Bob is surprised at his surprise party, it is commendable because it is difficult to surprise Bob."
844762.mp4,Positive,0.64178634,v2/en_speaker_6,[laughs],0.7,/Users/ignazioemanuelepicciche/Documents/TESI Magistrale UCBM/Improved_EmoSign_Thesis/results/tts_audio/bark_generated/844762.mp4_positive.wav,"If my friend goes travelling, I just have to join."
844864.mp4,Positive,0.7231699,v2/en_speaker_6,[laughs],0.7,/Users/ignazioemanuelepicciche/Documents/TESI Magistrale UCBM/Improved_EmoSign_Thesis/results/tts_audio/bark_generated/844864.mp4_positive.wav,"Once my friend starts playing video games, he is hooked to it all night until his eyes pop out."
845270.mp4,Positive,0.7210438,v2/en_speaker_6,[laughs],0.7,/Users/ignazioemanuelepicciche/Documents/TESI Magistrale UCBM/Improved_EmoSign_Thesis/results/tts_audio/bark_generated/845270.mp4_positive.wav,My friend is going out to a party.
845472.mp4,Positive,0.73541516,v2/en_speaker_6,[laughs],0.7,/Users/ignazioemanuelepicciche/Documents/TESI Magistrale UCBM/Improved_EmoSign_Thesis/results/tts_audio/bark_generated/845472.mp4_positive.wav,My friend loves to go fishing because he loves to eat fish.
845473.mp4,Positive,0.68203926,v2/en_speaker_6,[laughs],0.7,/Users/ignazioemanuelepicciche/Documents/TESI Magistrale UCBM/Improved_EmoSign_Thesis/results/tts_audio/bark_generated/845473.mp4_positive.wav,My friend is planning to surprise Bob because he's turning 21.
845574.mp4,Positive,0.7014345,v2/en_speaker_6,[laughs],0.7,/Users/ignazioemanuelepicciche/Documents/TESI Magistrale UCBM/Improved_EmoSign_Thesis/results/tts_audio/bark_generated/845574.mp4_positive.wav,I arrived school late because I was in a bike accident.
845675.mp4,Positive,0.7586792,v2/en_speaker_6,[laughs],0.7,/Users/ignazioemanuelepicciche/Documents/TESI Magistrale UCBM/Improved_EmoSign_Thesis/results/tts_audio/bark_generated/845675.mp4_positive.wav,"My friend loves travelling, especially in Asian countries because there`s more of a variety of things to do, compared to other countries."
845676.mp4,Positive,0.67092377,v2/en_speaker_6,[laughs],0.7,/Users/ignazioemanuelepicciche/Documents/TESI Magistrale UCBM/Improved_EmoSign_Thesis/results/tts_audio/bark_generated/845676.mp4_positive.wav,My friend plays video games all day because he does nothing else.
845878.mp4,Positive,0.6596651,v2/en_speaker_6,[laughs],0.7,/Users/ignazioemanuelepicciche/Documents/TESI Magistrale UCBM/Improved_EmoSign_Thesis/results/tts_audio/bark_generated/845878.mp4_positive.wav,My friend loves the Internet because there are many different websites.
557229.mp4,Positive,0.8511219,v2/en_speaker_6,[laughs],0.7,/Users/ignazioemanuelepicciche/Documents/TESI Magistrale UCBM/Improved_EmoSign_Thesis/results/tts_audio/bark_generated/557229.mp4_positive.wav,My friend went out to a party.
5572412.mp4,Positive,0.5704169,v2/en_speaker_6,[laughs],0.7,/Users/ignazioemanuelepicciche/Documents/TESI Magistrale UCBM/Improved_EmoSign_Thesis/results/tts_audio/bark_generated/5572412.mp4_positive.wav,The park is crowded because the kids love playing there.
5572413.mp4,Positive,0.6450498,v2/en_speaker_6,[laughs],0.7,/Users/ignazioemanuelepicciche/Documents/TESI Magistrale UCBM/Improved_EmoSign_Thesis/results/tts_audio/bark_generated/5572413.mp4_positive.wav,"I like the beach better than the lake because the beach has waves, while the lake has none."
5572615.mp4,Positive,0.60121584,v2/en_speaker_6,[laughs],0.7,/Users/ignazioemanuelepicciche/Documents/TESI Magistrale UCBM/Improved_EmoSign_Thesis/results/tts_audio/bark_generated/5572615.mp4_positive.wav,Mother has to clean the kitchen soon because a group of friends are coming over for the weekend.
5572716.mp4,Positive,0.7582929,v2/en_speaker_6,[laughs],0.7,/Users/ignazioemanuelepicciche/Documents/TESI Magistrale UCBM/Improved_EmoSign_Thesis/results/tts_audio/bark_generated/5572716.mp4_positive.wav,My friend loves to go outside because he loves camping.
5572717.mp4,Positive,0.62565356,v2/en_speaker_6,[laughs],0.7,/Users/ignazioemanuelepicciche/Documents/TESI Magistrale UCBM/Improved_EmoSign_Thesis/results/tts_audio/bark_generated/5572717.mp4_positive.wav,My friend is an expert at making bonfires because he was a Boy Scout growing up.
7343510.mp4,Positive,0.53677696,v2/en_speaker_6,[laughs],0.7,/Users/ignazioemanuelepicciche/Documents/TESI Magistrale UCBM/Improved_EmoSign_Thesis/results/tts_audio/bark_generated/7343510.mp4_positive.wav,"If my friends go out, I will join them."
7343915.mp4,Negative,0.62097794,v2/en_speaker_3,[sighs],0.6,/Users/ignazioemanuelepicciche/Documents/TESI Magistrale UCBM/Improved_EmoSign_Thesis/results/tts_audio/bark_generated/7343915.mp4_negative.wav,My mother tends to be in a bad mood if Father arrives home late.
7700328.mp4,Positive,0.6495123,v2/en_speaker_6,[laughs],0.7,/Users/ignazioemanuelepicciche/Documents/TESI Magistrale UCBM/Improved_EmoSign_Thesis/results/tts_audio/bark_generated/7700328.mp4_positive.wav,Friends went out camping; they enjoyed it.
7987410.mp4,Negative,0.5196867,v2/en_speaker_3,[sighs],0.6,/Users/ignazioemanuelepicciche/Documents/TESI Magistrale UCBM/Improved_EmoSign_Thesis/results/tts_audio/bark_generated/7987410.mp4_negative.wav,"If I fail a test, my mom will blow her top."
7986817.mp4,Positive,0.66828835,v2/en_speaker_6,[laughs],0.7,/Users/ignazioemanuelepicciche/Documents/TESI Magistrale UCBM/Improved_EmoSign_Thesis/results/tts_audio/bark_generated/7986817.mp4_positive.wav,Was the movie good? Yes it was wonderful.
7986818.mp4,Positive,0.5153157,v2/en_speaker_6,[laughs],0.7,/Users/ignazioemanuelepicciche/Documents/TESI Magistrale UCBM/Improved_EmoSign_Thesis/results/tts_audio/bark_generated/7986818.mp4_positive.wav,"Is it raining outside? No, it's beautiful and warm outside."
7986324.mp4,Positive,0.57959795,v2/en_speaker_6,[laughs],0.7,/Users/ignazioemanuelepicciche/Documents/TESI Magistrale UCBM/Improved_EmoSign_Thesis/results/tts_audio/bark_generated/7986324.mp4_positive.wav,Bob frequently gives his sweetheart roses.
7986027.mp4,Positive,0.53803915,v2/en_speaker_6,[laughs],0.7,/Users/ignazioemanuelepicciche/Documents/TESI Magistrale UCBM/Improved_EmoSign_Thesis/results/tts_audio/bark_generated/7986027.mp4_positive.wav,Mom is sick.
7985731.mp4,Negative,0.5649162,v2/en_speaker_3,[sighs],0.6,/Users/ignazioemanuelepicciche/Documents/TESI Magistrale UCBM/Improved_EmoSign_Thesis/results/tts_audio/bark_generated/7985731.mp4_negative.wav,Bad weather will come to Boston soon.
7984743.mp4,Positive,0.6558929,v2/en_speaker_6,[laughs],0.7,/Users/ignazioemanuelepicciche/Documents/TESI Magistrale UCBM/Improved_EmoSign_Thesis/results/tts_audio/bark_generated/7984743.mp4_positive.wav,Friends play frisbee.
7984644.mp4,Positive,0.6357151,v2/en_speaker_6,[laughs],0.7,/Users/ignazioemanuelepicciche/Documents/TESI Magistrale UCBM/Improved_EmoSign_Thesis/results/tts_audio/bark_generated/7984644.mp4_positive.wav,I invited my friends to a barbeque party.
7983954.mp4,Positive,0.68284684,v2/en_speaker_6,[laughs],0.7,/Users/ignazioemanuelepicciche/Documents/TESI Magistrale UCBM/Improved_EmoSign_Thesis/results/tts_audio/bark_generated/7983954.mp4_positive.wav,My friends crashed the party.
7983658.mp4,Positive,0.67327917,v2/en_speaker_6,[laughs],0.7,/Users/ignazioemanuelepicciche/Documents/TESI Magistrale UCBM/Improved_EmoSign_Thesis/results/tts_audio/bark_generated/7983658.mp4_positive.wav,Did Bob give the rose to his sweetheart?
7983461.mp4,Negative,0.5287381,v2/en_speaker_3,[sighs],0.6,/Users/ignazioemanuelepicciche/Documents/TESI Magistrale UCBM/Improved_EmoSign_Thesis/results/tts_audio/bark_generated/7983461.mp4_negative.wav,Is mom sick?
7983363.mp4,Negative,0.52545536,v2/en_speaker_3,[sighs],0.6,/Users/ignazioemanuelepicciche/Documents/TESI Magistrale UCBM/Improved_EmoSign_Thesis/results/tts_audio/bark_generated/7983363.mp4_negative.wav,My aunt makes the best blueberry pie.
7983165.mp4,Positive,0.5802342,v2/en_speaker_6,[laughs],0.7,/Users/ignazioemanuelepicciche/Documents/TESI Magistrale UCBM/Improved_EmoSign_Thesis/results/tts_audio/bark_generated/7983165.mp4_positive.wav,Is bad weather coming to Boston?
7982377.mp4,Positive,0.5886773,v2/en_speaker_6,[laughs],0.7,/Users/ignazioemanuelepicciche/Documents/TESI Magistrale UCBM/Improved_EmoSign_Thesis/results/tts_audio/bark_generated/7982377.mp4_positive.wav,Is playing frisbee fun?
7981687.mp4,Positive,0.6122579,v2/en_speaker_6,[laughs],0.7,/Users/ignazioemanuelepicciche/Documents/TESI Magistrale UCBM/Improved_EmoSign_Thesis/results/tts_audio/bark_generated/7981687.mp4_positive.wav,Was I passed out drunk last night?
7981589.mp4,Positive,0.6023816,v2/en_speaker_6,[laughs],0.7,/Users/ignazioemanuelepicciche/Documents/TESI Magistrale UCBM/Improved_EmoSign_Thesis/results/tts_audio/bark_generated/7981589.mp4_positive.wav,Did my friend go ahead with crashing the party?
7981490.mp4,Negative,0.5899257,v2/en_speaker_3,[sighs],0.6,/Users/ignazioemanuelepicciche/Documents/TESI Magistrale UCBM/Improved_EmoSign_Thesis/results/tts_audio/bark_generated/7981490.mp4_negative.wav,Bob wrote and sent a love letter to his wife because their anniversary is coming up soon.
7981194.mp4,Positive,0.5122209,v2/en_speaker_6,[laughs],0.7,/Users/ignazioemanuelepicciche/Documents/TESI Magistrale UCBM/Improved_EmoSign_Thesis/results/tts_audio/bark_generated/7981194.mp4_positive.wav,The teacher must clean the classroom everyday so that when the students come to class it will be clean.
7980898.mp4,Positive,0.58673537,v2/en_speaker_6,[laughs],0.7,/Users/ignazioemanuelepicciche/Documents/TESI Magistrale UCBM/Improved_EmoSign_Thesis/results/tts_audio/bark_generated/7980898.mp4_positive.wav,I missed last months rent so now I have to pay double.
7980799.mp4,Positive,0.58145595,v2/en_speaker_6,[laughs],0.7,/Users/ignazioemanuelepicciche/Documents/TESI Magistrale UCBM/Improved_EmoSign_Thesis/results/tts_audio/bark_generated/7980799.mp4_positive.wav,Bad weather is coming to Boston because the city is close to the ocean.
79797114.mp4,Positive,0.63130945,v2/en_speaker_6,[laughs],0.7,/Users/ignazioemanuelepicciche/Documents/TESI Magistrale UCBM/Improved_EmoSign_Thesis/results/tts_audio/bark_generated/79797114.mp4_positive.wav,My friend wants to buy a plaid shrit because his friend invited him to a costume party.
79792122.mp4,Negative,0.51699924,v2/en_speaker_3,[sighs],0.6,/Users/ignazioemanuelepicciche/Documents/TESI Magistrale UCBM/Improved_EmoSign_Thesis/results/tts_audio/bark_generated/79792122.mp4_negative.wav,My friend just crashed a party because he recently finished his last exam.
79791123.mp4,Positive,0.5222244,v2/en_speaker_6,[laughs],0.7,/Users/ignazioemanuelepicciche/Documents/TESI Magistrale UCBM/Improved_EmoSign_Thesis/results/tts_audio/bark_generated/79791123.mp4_positive.wav,My friend went ahead and hosted a pizza dinner because he loves pizza.
5873528.mp4,Negative,0.50549203,v2/en_speaker_3,[sighs],0.6,/Users/ignazioemanuelepicciche/Documents/TESI Magistrale UCBM/Improved_EmoSign_Thesis/results/tts_audio/bark_generated/5873528.mp4_negative.wav,There's always a pop quiz when I neglect my studying.
58734811.mp4,Positive,0.5774821,v2/en_speaker_6,[laughs],0.7,/Users/ignazioemanuelepicciche/Documents/TESI Magistrale UCBM/Improved_EmoSign_Thesis/results/tts_audio/bark_generated/58734811.mp4_positive.wav,"When I don't study, I am guaranteed to fail."
58734712.mp4,Positive,0.54092914,v2/en_speaker_6,[laughs],0.7,/Users/ignazioemanuelepicciche/Documents/TESI Magistrale UCBM/Improved_EmoSign_Thesis/results/tts_audio/bark_generated/58734712.mp4_positive.wav,"If I don't study, I am guaranteed to fail."
58734613.mp4,Positive,0.59330636,v2/en_speaker_6,[laughs],0.7,/Users/ignazioemanuelepicciche/Documents/TESI Magistrale UCBM/Improved_EmoSign_Thesis/results/tts_audio/bark_generated/58734613.mp4_positive.wav,"If I don't study, I am guaranteed to fail."
58734317.mp4,Positive,0.68112916,v2/en_speaker_6,[laughs],0.7,/Users/ignazioemanuelepicciche/Documents/TESI Magistrale UCBM/Improved_EmoSign_Thesis/results/tts_audio/bark_generated/58734317.mp4_positive.wav,"If there's an emergency, where will you go?"
58734020.mp4,Negative,0.5716512,v2/en_speaker_3,[sighs],0.6,/Users/ignazioemanuelepicciche/Documents/TESI Magistrale UCBM/Improved_EmoSign_Thesis/results/tts_audio/bark_generated/58734020.mp4_negative.wav,"If you spell even one word wrong, he will take away points for it!"
58733526.mp4,Positive,0.6134697,v2/en_speaker_6,[laughs],0.7,/Users/ignazioemanuelepicciche/Documents/TESI Magistrale UCBM/Improved_EmoSign_Thesis/results/tts_audio/bark_generated/58733526.mp4_positive.wav,"If John did that to me, I won't be friends with him anymore."
17077.mp4,Negative,0.5566262,v2/en_speaker_3,[sighs],0.6,/Users/ignazioemanuelepicciche/Documents/TESI Magistrale UCBM/Improved_EmoSign_Thesis/results/tts_audio/bark_generated/17077.mp4_negative.wav,The weather is lousy today.
171111.mp4,Negative,0.5347115,v2/en_speaker_3,[sighs],0.6,/Users/ignazioemanuelepicciche/Documents/TESI Magistrale UCBM/Improved_EmoSign_Thesis/results/tts_audio/bark_generated/171111.mp4_negative.wav,The weather is beautiful today.
171820.mp4,Positive,0.56079996,v2/en_speaker_6,[laughs],0.7,/Users/ignazioemanuelepicciche/Documents/TESI Magistrale UCBM/Improved_EmoSign_Thesis/results/tts_audio/bark_generated/171820.mp4_positive.wav,"My dad likes pineapple cream cheese, like me."
172022.mp4,Positive,0.5456972,v2/en_speaker_6,[laughs],0.7,/Users/ignazioemanuelepicciche/Documents/TESI Magistrale UCBM/Improved_EmoSign_Thesis/results/tts_audio/bark_generated/172022.mp4_positive.wav,I love lox cream cheese.
172529.mp4,Positive,0.5008535,v2/en_speaker_6,[laughs],0.7,/Users/ignazioemanuelepicciche/Documents/TESI Magistrale UCBM/Improved_EmoSign_Thesis/results/tts_audio/bark_generated/172529.mp4_positive.wav,"Dad likes chocolate cereal, like me."
172630.mp4,Negative,0.6043211,v2/en_speaker_3,[sighs],0.6,/Users/ignazioemanuelepicciche/Documents/TESI Magistrale UCBM/Improved_EmoSign_Thesis/results/tts_audio/bark_generated/172630.mp4_negative.wav,"No no no, I hate chocolate cereal."
172732.mp4,Positive,0.6567846,v2/en_speaker_6,[laughs],0.7,/Users/ignazioemanuelepicciche/Documents/TESI Magistrale UCBM/Improved_EmoSign_Thesis/results/tts_audio/bark_generated/172732.mp4_positive.wav,I can't believe the car broke!
173036.mp4,Positive,0.63896674,v2/en_speaker_6,[laughs],0.7,/Users/ignazioemanuelepicciche/Documents/TESI Magistrale UCBM/Improved_EmoSign_Thesis/results/tts_audio/bark_generated/173036.mp4_positive.wav,The car really broke down.
173340.mp4,Negative,0.5738318,v2/en_speaker_3,[sighs],0.6,/Users/ignazioemanuelepicciche/Documents/TESI Magistrale UCBM/Improved_EmoSign_Thesis/results/tts_audio/bark_generated/173340.mp4_negative.wav,"Our cousin, John, broke the truck."
173441.mp4,Negative,0.50905573,v2/en_speaker_3,[sighs],0.6,/Users/ignazioemanuelepicciche/Documents/TESI Magistrale UCBM/Improved_EmoSign_Thesis/results/tts_audio/bark_generated/173441.mp4_negative.wav,"No, John didn't break the truck, Mary broke the truck."
173442.mp4,Positive,0.64420205,v2/en_speaker_6,[laughs],0.7,/Users/ignazioemanuelepicciche/Documents/TESI Magistrale UCBM/Improved_EmoSign_Thesis/results/tts_audio/bark_generated/173442.mp4_positive.wav,The car is really broken!
173543.mp4,Positive,0.64224374,v2/en_speaker_6,[laughs],0.7,/Users/ignazioemanuelepicciche/Documents/TESI Magistrale UCBM/Improved_EmoSign_Thesis/results/tts_audio/bark_generated/173543.mp4_positive.wav,"John didn't break the truck, he actually destroyed the car."
173745.mp4,Positive,0.65873224,v2/en_speaker_6,[laughs],0.7,/Users/ignazioemanuelepicciche/Documents/TESI Magistrale UCBM/Improved_EmoSign_Thesis/results/tts_audio/bark_generated/173745.mp4_positive.wav,The car broke down.
173949.mp4,Positive,0.5943962,v2/en_speaker_6,[laughs],0.7,/Users/ignazioemanuelepicciche/Documents/TESI Magistrale UCBM/Improved_EmoSign_Thesis/results/tts_audio/bark_generated/173949.mp4_positive.wav,"If Mary's car broke down, John would have to take her to work."
174050.mp4,Positive,0.6440126,v2/en_speaker_6,[laughs],0.7,/Users/ignazioemanuelepicciche/Documents/TESI Magistrale UCBM/Improved_EmoSign_Thesis/results/tts_audio/bark_generated/174050.mp4_positive.wav,"Since Mary's car broke, John has been taking her to work."
840018.mp4,Positive,0.59819275,v2/en_speaker_6,[laughs],0.7,/Users/ignazioemanuelepicciche/Documents/TESI Magistrale UCBM/Improved_EmoSign_Thesis/results/tts_audio/bark_generated/840018.mp4_positive.wav,"No, it`s beautiful outside! The sun`s shining and it`s warm and beautiful!"
8399614.mp4,Positive,0.5772213,v2/en_speaker_6,[laughs],0.7,/Users/ignazioemanuelepicciche/Documents/TESI Magistrale UCBM/Improved_EmoSign_Thesis/results/tts_audio/bark_generated/8399614.mp4_positive.wav,I thought it was terribly boring.
8398627.mp4,Positive,0.50276697,v2/en_speaker_6,[laughs],0.7,/Users/ignazioemanuelepicciche/Documents/TESI Magistrale UCBM/Improved_EmoSign_Thesis/results/tts_audio/bark_generated/8398627.mp4_positive.wav,"No, no one has found the umbrella, it's still missing."
8398331.mp4,Negative,0.53624284,v2/en_speaker_3,[sighs],0.6,/Users/ignazioemanuelepicciche/Documents/TESI Magistrale UCBM/Improved_EmoSign_Thesis/results/tts_audio/bark_generated/8398331.mp4_negative.wav,"What? No, right now we're in an economic crisis."
8397936.mp4,Positive,0.6710563,v2/en_speaker_6,[laughs],0.7,/Users/ignazioemanuelepicciche/Documents/TESI Magistrale UCBM/Improved_EmoSign_Thesis/results/tts_audio/bark_generated/8397936.mp4_positive.wav,Pete loves computers; he has three set up one next to the other at home!
8397838.mp4,Positive,0.56896096,v2/en_speaker_6,[laughs],0.7,/Users/ignazioemanuelepicciche/Documents/TESI Magistrale UCBM/Improved_EmoSign_Thesis/results/tts_audio/bark_generated/8397838.mp4_positive.wav,"American Airlines isn't that expensive, but if it was, then I'd be stuck because it's the only airline that flies between Boston and Florida."
8397050.mp4,Positive,0.6274337,v2/en_speaker_6,[laughs],0.7,/Users/ignazioemanuelepicciche/Documents/TESI Magistrale UCBM/Improved_EmoSign_Thesis/results/tts_audio/bark_generated/8397050.mp4_positive.wav,Who fell in love with Bill?
8396754.mp4,Positive,0.51816386,v2/en_speaker_6,[laughs],0.7,/Users/ignazioemanuelepicciche/Documents/TESI Magistrale UCBM/Improved_EmoSign_Thesis/results/tts_audio/bark_generated/8396754.mp4_positive.wav,Why is father upset?
8396064.mp4,Positive,0.51150095,v2/en_speaker_6,[laughs],0.7,/Users/ignazioemanuelepicciche/Documents/TESI Magistrale UCBM/Improved_EmoSign_Thesis/results/tts_audio/bark_generated/8396064.mp4_positive.wav,Your mom will love the gift you just bought for her.
8395966.mp4,Positive,0.6135885,v2/en_speaker_6,[laughs],0.7,/Users/ignazioemanuelepicciche/Documents/TESI Magistrale UCBM/Improved_EmoSign_Thesis/results/tts_audio/bark_generated/8395966.mp4_positive.wav,"The man who broke into a house in Newton is probably the same person who broke into a house in Brookline,"
8395867.mp4,Positive,0.5789181,v2/en_speaker_6,[laughs],0.7,/Users/ignazioemanuelepicciche/Documents/TESI Magistrale UCBM/Improved_EmoSign_Thesis/results/tts_audio/bark_generated/8395867.mp4_positive.wav,"Wow, that coat you just bought looks warm!"
8395670.mp4,Positive,0.6864846,v2/en_speaker_6,[laughs],0.7,/Users/ignazioemanuelepicciche/Documents/TESI Magistrale UCBM/Improved_EmoSign_Thesis/results/tts_audio/bark_generated/8395670.mp4_positive.wav,That student who was on the quiz show didn't win.
8395473.mp4,Positive,0.5656092,v2/en_speaker_6,[laughs],0.7,/Users/ignazioemanuelepicciche/Documents/TESI Magistrale UCBM/Improved_EmoSign_Thesis/results/tts_audio/bark_generated/8395473.mp4_positive.wav,Jim threatened to sue the man who punched him.
338228.mp4,Negative,0.51587,v2/en_speaker_3,[sighs],0.6,/Users/ignazioemanuelepicciche/Documents/TESI Magistrale UCBM/Improved_EmoSign_Thesis/results/tts_audio/bark_generated/338228.mp4_negative.wav,If John stays home it probably means he's sick.
3382011.mp4,Positive,0.52788925,v2/en_speaker_6,[laughs],0.7,/Users/ignazioemanuelepicciche/Documents/TESI Magistrale UCBM/Improved_EmoSign_Thesis/results/tts_audio/bark_generated/3382011.mp4_positive.wav,"If Mary gets home late, John will probably be upset."
3381912.mp4,Positive,0.716603,v2/en_speaker_6,[laughs],0.7,/Users/ignazioemanuelepicciche/Documents/TESI Magistrale UCBM/Improved_EmoSign_Thesis/results/tts_audio/bark_generated/3381912.mp4_positive.wav,"If the people I invited show up late, they will regret it."
3381715.mp4,Positive,0.6568699,v2/en_speaker_6,[laughs],0.7,/Users/ignazioemanuelepicciche/Documents/TESI Magistrale UCBM/Improved_EmoSign_Thesis/results/tts_audio/bark_generated/3381715.mp4_positive.wav,"If you want to know, if John wins he will get a teddy bear."
3380826.mp4,Positive,0.51556647,v2/en_speaker_6,[laughs],0.7,/Users/ignazioemanuelepicciche/Documents/TESI Magistrale UCBM/Improved_EmoSign_Thesis/results/tts_audio/bark_generated/3380826.mp4_positive.wav,"If my sister neglects her homework, she won't succeed in school."
3380727.mp4,Positive,0.65221035,v2/en_speaker_6,[laughs],0.7,/Users/ignazioemanuelepicciche/Documents/TESI Magistrale UCBM/Improved_EmoSign_Thesis/results/tts_audio/bark_generated/3380727.mp4_positive.wav,"If my sister neglects her homework, she won't succeed in school."
3380433.mp4,Negative,0.5213125,v2/en_speaker_3,[sighs],0.6,/Users/ignazioemanuelepicciche/Documents/TESI Magistrale UCBM/Improved_EmoSign_Thesis/results/tts_audio/bark_generated/3380433.mp4_negative.wav,"If John eats spinach, he will get sick."
3380334.mp4,Positive,0.592684,v2/en_speaker_6,[laughs],0.7,/Users/ignazioemanuelepicciche/Documents/TESI Magistrale UCBM/Improved_EmoSign_Thesis/results/tts_audio/bark_generated/3380334.mp4_positive.wav,"If John eats spinach, he will get nauseous and sick."
3379644.mp4,Positive,0.6103576,v2/en_speaker_6,[laughs],0.7,/Users/ignazioemanuelepicciche/Documents/TESI Magistrale UCBM/Improved_EmoSign_Thesis/results/tts_audio/bark_generated/3379644.mp4_positive.wav,"If you order pizza here, I guarantee it will be delicious."
3379053.mp4,Positive,0.5246301,v2/en_speaker_6,[laughs],0.7,/Users/ignazioemanuelepicciche/Documents/TESI Magistrale UCBM/Improved_EmoSign_Thesis/results/tts_audio/bark_generated/3379053.mp4_positive.wav,"If the student wins an award, he will get a $100 gift card."
3378954.mp4,Positive,0.6352558,v2/en_speaker_6,[laughs],0.7,/Users/ignazioemanuelepicciche/Documents/TESI Magistrale UCBM/Improved_EmoSign_Thesis/results/tts_audio/bark_generated/3378954.mp4_positive.wav,The student who won the award will get a $100 voucher.
3378363.mp4,Negative,0.6331281,v2/en_speaker_3,[sighs],0.6,/Users/ignazioemanuelepicciche/Documents/TESI Magistrale UCBM/Improved_EmoSign_Thesis/results/tts_audio/bark_generated/3378363.mp4_negative.wav,"I would read this book, but it's boring."
3378264.mp4,Positive,0.52120507,v2/en_speaker_6,[laughs],0.7,/Users/ignazioemanuelepicciche/Documents/TESI Magistrale UCBM/Improved_EmoSign_Thesis/results/tts_audio/bark_generated/3378264.mp4_positive.wav,I would've read the book but the beginning was boring.
8841.mp4,Positive,0.5509267,v2/en_speaker_6,[laughs],0.7,/Users/ignazioemanuelepicciche/Documents/TESI Magistrale UCBM/Improved_EmoSign_Thesis/results/tts_audio/bark_generated/8841.mp4_positive.wav,That picture you gave me was beautiful.
6814.mp4,Negative,0.50886166,v2/en_speaker_3,[sighs],0.6,/Users/ignazioemanuelepicciche/Documents/TESI Magistrale UCBM/Improved_EmoSign_Thesis/results/tts_audio/bark_generated/6814.mp4_negative.wav,The sandwich I just ate was delicious!
7119.mp4,Positive,0.6783207,v2/en_speaker_6,[laughs],0.7,/Users/ignazioemanuelepicciche/Documents/TESI Magistrale UCBM/Improved_EmoSign_Thesis/results/tts_audio/bark_generated/7119.mp4_positive.wav,"If you like chocolate, you will love this cake."
7321.mp4,Positive,0.58156073,v2/en_speaker_6,[laughs],0.7,/Users/ignazioemanuelepicciche/Documents/TESI Magistrale UCBM/Improved_EmoSign_Thesis/results/tts_audio/bark_generated/7321.mp4_positive.wav,"If the president is elected again, my father will be upset."
7422.mp4,Positive,0.68361074,v2/en_speaker_6,[laughs],0.7,/Users/ignazioemanuelepicciche/Documents/TESI Magistrale UCBM/Improved_EmoSign_Thesis/results/tts_audio/bark_generated/7422.mp4_positive.wav,"If I forget to go to the store, my mother will be upset."
8436.mp4,Positive,0.5893056,v2/en_speaker_6,[laughs],0.7,/Users/ignazioemanuelepicciche/Documents/TESI Magistrale UCBM/Improved_EmoSign_Thesis/results/tts_audio/bark_generated/8436.mp4_positive.wav,"When he struggled a lot in school, he became depressed."
8638.mp4,Positive,0.64151686,v2/en_speaker_6,[laughs],0.7,/Users/ignazioemanuelepicciche/Documents/TESI Magistrale UCBM/Improved_EmoSign_Thesis/results/tts_audio/bark_generated/8638.mp4_positive.wav,"If I'm working and my computer crashes, I will panic."
9956.mp4,Positive,0.6857848,v2/en_speaker_6,[laughs],0.7,/Users/ignazioemanuelepicciche/Documents/TESI Magistrale UCBM/Improved_EmoSign_Thesis/results/tts_audio/bark_generated/9956.mp4_positive.wav,Which vegetable do the kids love?
362.mp4,Positive,0.6364897,v2/en_speaker_6,[laughs],0.7,/Users/ignazioemanuelepicciche/Documents/TESI Magistrale UCBM/Improved_EmoSign_Thesis/results/tts_audio/bark_generated/362.mp4_positive.wav,Why is the teacher upset?
1372.mp4,Positive,0.5192269,v2/en_speaker_6,[laughs],0.7,/Users/ignazioemanuelepicciche/Documents/TESI Magistrale UCBM/Improved_EmoSign_Thesis/results/tts_audio/bark_generated/1372.mp4_positive.wav,Boston is a great city.
1575.mp4,Negative,0.50373966,v2/en_speaker_3,[sighs],0.6,/Users/ignazioemanuelepicciche/Documents/TESI Magistrale UCBM/Improved_EmoSign_Thesis/results/tts_audio/bark_generated/1575.mp4_negative.wav,I love my new car.
1677.mp4,Positive,0.6887211,v2/en_speaker_6,[laughs],0.7,/Users/ignazioemanuelepicciche/Documents/TESI Magistrale UCBM/Improved_EmoSign_Thesis/results/tts_audio/bark_generated/1677.mp4_positive.wav,That dress is not my favorite.
2590.mp4,Positive,0.5326172,v2/en_speaker_6,[laughs],0.7,/Users/ignazioemanuelepicciche/Documents/TESI Magistrale UCBM/Improved_EmoSign_Thesis/results/tts_audio/bark_generated/2590.mp4_positive.wav,My friend is thrilled because he won the lottery.
3098.mp4,Positive,0.6627439,v2/en_speaker_6,[laughs],0.7,/Users/ignazioemanuelepicciche/Documents/TESI Magistrale UCBM/Improved_EmoSign_Thesis/results/tts_audio/bark_generated/3098.mp4_positive.wav,My best friend visited Boston yesterday.
32100.mp4,Positive,0.55087376,v2/en_speaker_6,[laughs],0.7,/Users/ignazioemanuelepicciche/Documents/TESI Magistrale UCBM/Improved_EmoSign_Thesis/results/tts_audio/bark_generated/32100.mp4_positive.wav,Wow! That watch costs three thousand dollars!
24363254.mp4,Negative,0.77281857,v2/en_speaker_3,[sighs],0.6,/Users/ignazioemanuelepicciche/Documents/TESI Magistrale UCBM/Improved_EmoSign_Thesis/results/tts_audio/bark_generated/24363254.mp4_negative.wav,The growth of signing went in one direction; the growth of speaking went in another.
24480520.mp4,Negative,0.56411827,v2/en_speaker_3,[sighs],0.6,/Users/ignazioemanuelepicciche/Documents/TESI Magistrale UCBM/Improved_EmoSign_Thesis/results/tts_audio/bark_generated/24480520.mp4_negative.wav,"Deaf people made progress with the growth of signing.  The progress could have been greater, but it wasn't permitted."
29052074.mp4,Negative,0.6419419,v2/en_speaker_3,[sighs],0.6,/Users/ignazioemanuelepicciche/Documents/TESI Magistrale UCBM/Improved_EmoSign_Thesis/results/tts_audio/bark_generated/29052074.mp4_negative.wav,"Often because judgments come from the audio-oral perspective, the sensory politics results in judgments of broken sounds and harsh noises, This needs to be improved."
64778101.mp4,Negative,0.81741977,v2/en_speaker_3,[sighs],0.6,/Users/ignazioemanuelepicciche/Documents/TESI Magistrale UCBM/Improved_EmoSign_Thesis/results/tts_audio/bark_generated/64778101.mp4_negative.wav,"When on the phone the person may perceive who they're talking to as being tall, smart, good looking and nice. They agree to meet the person the next day near the train and hang up"
65086412.mp4,Negative,0.83454174,v2/en_speaker_3,[sighs],0.6,/Users/ignazioemanuelepicciche/Documents/TESI Magistrale UCBM/Improved_EmoSign_Thesis/results/tts_audio/bark_generated/65086412.mp4_negative.wav,John's voice was a good match to the character he played. His character in the movie was that of a swashbuckler.
65174582.mp4,Negative,0.797705,v2/en_speaker_3,[sighs],0.6,/Users/ignazioemanuelepicciche/Documents/TESI Magistrale UCBM/Improved_EmoSign_Thesis/results/tts_audio/bark_generated/65174582.mp4_negative.wav,"People who watch silent films can't hear it but can imagine a strong, heavy baritone voice from that swashbuckler character."
66058307.mp4,Negative,0.7707061,v2/en_speaker_3,[sighs],0.6,/Users/ignazioemanuelepicciche/Documents/TESI Magistrale UCBM/Improved_EmoSign_Thesis/results/tts_audio/bark_generated/66058307.mp4_negative.wav,"and even worse, whose is the voice that you're associating with a persona."
31660612.mp4,Positive,0.5772375,v2/en_speaker_6,[laughs],0.7,/Users/ignazioemanuelepicciche/Documents/TESI Magistrale UCBM/Improved_EmoSign_Thesis/results/tts_audio/bark_generated/31660612.mp4_positive.wav,Mother is now ill.
31660216.mp4,Positive,0.52333635,v2/en_speaker_6,[laughs],0.7,/Users/ignazioemanuelepicciche/Documents/TESI Magistrale UCBM/Improved_EmoSign_Thesis/results/tts_audio/bark_generated/31660216.mp4_positive.wav,Bad weather is coming to Boston now.
31659327.mp4,Positive,0.83853036,v2/en_speaker_6,[laughs],0.7,/Users/ignazioemanuelepicciche/Documents/TESI Magistrale UCBM/Improved_EmoSign_Thesis/results/tts_audio/bark_generated/31659327.mp4_positive.wav,I love fireworks.
31658341.mp4,Positive,0.6961448,v2/en_speaker_6,[laughs],0.7,/Users/ignazioemanuelepicciche/Documents/TESI Magistrale UCBM/Improved_EmoSign_Thesis/results/tts_audio/bark_generated/31658341.mp4_positive.wav,My friend crashed the party last night.
31657848.mp4,Positive,0.55479693,v2/en_speaker_6,[laughs],0.7,/Users/ignazioemanuelepicciche/Documents/TESI Magistrale UCBM/Improved_EmoSign_Thesis/results/tts_audio/bark_generated/31657848.mp4_positive.wav,Is Mother sick?
31657650.mp4,Positive,0.6991944,v2/en_speaker_6,[laughs],0.7,/Users/ignazioemanuelepicciche/Documents/TESI Magistrale UCBM/Improved_EmoSign_Thesis/results/tts_audio/bark_generated/31657650.mp4_positive.wav,"Your aunt makes the best blueberry pie, right?"
31657453.mp4,Positive,0.7173345,v2/en_speaker_6,[laughs],0.7,/Users/ignazioemanuelepicciche/Documents/TESI Magistrale UCBM/Improved_EmoSign_Thesis/results/tts_audio/bark_generated/31657453.mp4_positive.wav,Is there bad weather in Boston now?
31656468.mp4,Positive,0.6418249,v2/en_speaker_6,[laughs],0.7,/Users/ignazioemanuelepicciche/Documents/TESI Magistrale UCBM/Improved_EmoSign_Thesis/results/tts_audio/bark_generated/31656468.mp4_positive.wav,Striped shirts are cool because they look good on me.
31655777.mp4,Positive,0.71031266,v2/en_speaker_6,[laughs],0.7,/Users/ignazioemanuelepicciche/Documents/TESI Magistrale UCBM/Improved_EmoSign_Thesis/results/tts_audio/bark_generated/31655777.mp4_positive.wav,Is it fine if my friend crashes the party?
31655778.mp4,Positive,0.71662897,v2/en_speaker_6,[laughs],0.7,/Users/ignazioemanuelepicciche/Documents/TESI Magistrale UCBM/Improved_EmoSign_Thesis/results/tts_audio/bark_generated/31655778.mp4_positive.wav,Bob sent his wife a love letter because it is their wedding anniversary soon.
31655481.mp4,Positive,0.5780989,v2/en_speaker_6,[laughs],0.7,/Users/ignazioemanuelepicciche/Documents/TESI Magistrale UCBM/Improved_EmoSign_Thesis/results/tts_audio/bark_generated/31655481.mp4_positive.wav,Bob loves reading books because he likes using his imagination.
31655186.mp4,Positive,0.518035,v2/en_speaker_6,[laughs],0.7,/Users/ignazioemanuelepicciche/Documents/TESI Magistrale UCBM/Improved_EmoSign_Thesis/results/tts_audio/bark_generated/31655186.mp4_positive.wav,I have to pay double the rent because I missed the last one.
31655087.mp4,Negative,0.54525405,v2/en_speaker_3,[sighs],0.6,/Users/ignazioemanuelepicciche/Documents/TESI Magistrale UCBM/Improved_EmoSign_Thesis/results/tts_audio/bark_generated/31655087.mp4_negative.wav,Bad weather is in Boston because the ocean is near.
31655088.mp4,Positive,0.5828445,v2/en_speaker_6,[laughs],0.7,/Users/ignazioemanuelepicciche/Documents/TESI Magistrale UCBM/Improved_EmoSign_Thesis/results/tts_audio/bark_generated/31655088.mp4_positive.wav,My family vacations every year in Florida because they love the sun.
36918922.mp4,Positive,0.78102934,v2/en_speaker_6,[laughs],0.7,/Users/ignazioemanuelepicciche/Documents/TESI Magistrale UCBM/Improved_EmoSign_Thesis/results/tts_audio/bark_generated/36918922.mp4_positive.wav,I bought a gift for my mom. She will love it!
1470684.mp4,Positive,0.75791854,v2/en_speaker_6,[laughs],0.7,/Users/ignazioemanuelepicciche/Documents/TESI Magistrale UCBM/Improved_EmoSign_Thesis/results/tts_audio/bark_generated/1470684.mp4_positive.wav,The cat the neighbors found is really hungry. Wow.
35420258.mp4,Positive,0.84620076,v2/en_speaker_6,[laughs],0.7,/Users/ignazioemanuelepicciche/Documents/TESI Magistrale UCBM/Improved_EmoSign_Thesis/results/tts_audio/bark_generated/35420258.mp4_positive.wav,"A student went on a quiz TV show, but he didn`t win."
79664536.mp4,Positive,0.8165568,v2/en_speaker_6,[laughs],0.7,/Users/ignazioemanuelepicciche/Documents/TESI Magistrale UCBM/Improved_EmoSign_Thesis/results/tts_audio/bark_generated/79664536.mp4_positive.wav,Jim assaulted a man and now the man is threatening to sue Jim.
69413690.mp4,Positive,0.793566,v2/en_speaker_6,[laughs],0.7,/Users/ignazioemanuelepicciche/Documents/TESI Magistrale UCBM/Improved_EmoSign_Thesis/results/tts_audio/bark_generated/69413690.mp4_positive.wav,Last night I rented an awful movie.
5989857.mp4,Positive,0.7650525,v2/en_speaker_6,[laughs],0.7,/Users/ignazioemanuelepicciche/Documents/TESI Magistrale UCBM/Improved_EmoSign_Thesis/results/tts_audio/bark_generated/5989857.mp4_positive.wav,I read the article written for the Boston Globe. I think it was great!
